,date,title,contents
0,2009-03-10,"한국 피자헛, 홍보대사로 월드스타 비 위촉","['[이데일리 EFN 강동완기자] 한국 피자헛(유)(대표 이승일,www.pizzahut.co.kr)은 광고모델로 월드스타 비(본명 정지훈, 제이튠 엔터테인먼트)를 선정한 데에 이어, 자사를 대변하는 브랜드 홍보대사로 임명한다고 밝혔다.\n\n비는 2009년 한해 동안 TV CF 및 지면 광고모델로 활동할 뿐만 아니라, 사회공헌 활동 등을 통해 한국 피자헛의 얼굴로 활동하게 된다.\n\n이번 홍보대사 선정으로 한국 피자헛은 홍보대사 비가 한국 내 콘서트를 개최할 때 기다리는 관람객에게 즉석 조리가 가능한 ‘사랑의 트럭’을 통해 피자 100판을 제공할 예정이다.\n\n또한, 한국 피자헛의 사회공헌 활동인 ‘사랑 나누기’ 활동 시 비의 이름으로 저소득층 자녀들을 위한 피자 100판을 기부하는 등 올 한해 동안 홍보대사로써의 다양한 활동을 후원한다는 계획이다.\n\n비 또한 세계적인 피자 브랜드의 홍보대사로 위촉됨으로써, 세계무대 진출에도 큰 도움이 될 것으로 예상된다.\n\n한국 피자헛의 이승일 대표는 “월드스타 비의 프리미엄하면서도 친근한 이미지가 국내 피자업계를 선도하는 한국 피자헛의 브랜드 파워를 대변할 수 있으리라 판단, 홍보대사로 위촉하게 되었다.""며 ""또한 비가 평소 사회공헌활동에 관심이 많아 한국 피자헛의 ‘사랑 나누기’에도 기꺼이 함께할 뜻을 밝혔다”고 말했다.\n\n[ ⓒ 프랜차이즈 창업 체인 가맹 사업 네트워크 "" 이데일리 EFN "" ]']"
1,2009-04-03,"한국 피자헛, 실속있는 ‘스마트 세트’ 출시","['[이데일리 EFN 강동완기자] 따사로운 봄철 외식업체들은 너도나도 신메뉴를 출시를 통해 고객잡기에 나서고 있다. 이번 신메뉴들은 대체적으로 웰빙 건강을 컨셉으로 개발되어 트랜드를 잡기 위한 메뉴개발이 집중된 특징을 가지고 있다. 이에 업체별로 출시되는 신메뉴에 대해 알아보자 (편집자주)\n \n“미니피자와 투스카니 파스타, 샐러드바를 모두 함께, 외식비 걱정 없이 저렴하게!”\n\n한국 피자헛(유)(대표 이승일, www.pizzahut.co.kr)은 오는 4월 3일부터 1인당 만원으로 미니 피자와 투스카니 파스타, 샐러드까지 실속 있게 즐길 수 있는 ‘스마트 세트’를 판매한다고 밝혔다.\n\n스마트 세트는 미니피자 9종, 투스카니 파스타 9종 중 각각 1가지에 샐러드바까지 1인당 만원에 즐길 수 있는 2~3인용 세트 메뉴로, 단품 구매 시보다 최고 24%까지 할인된 가격으로 하루 종일 다양하고 푸짐하게 즐길 수 있다.\n\n단, 주말 및 공휴일 제외, 포장 및 배달 불가능 하다.\n\n스마트 세트 중 2인 세트는 피자와 파스타 각각 1가지 메뉴와 샐러드로 구성되어 있으며, 3인 세트는 여기에 피자 또는 파스타 메뉴 중 1가지를 더 추가해 1인당 만원으로 이용할 수 있다.\n\n이로써 점심 식사는 6천원으로 다양한 메뉴를 즐길 수 있는 스마트 런치로, 보다 여유롭게 즐기고 싶은 저녁 식사는 스마트 세트로 가격 부담 없이 풍성하게 즐길 수 있다.\n\n한국 피자헛의 이승일 대표는 “스마트 런치는 6천원에 골라 먹는 즐거움, 스마트 세트는 만원으로 즐기는 만찬이라는 컨셉으로 똑똑한 소비자들의 선택의 폭을 더욱 넓혔다”고 말했다.\n\n또한 “피자헛은 계속되는 경기침체에 스마트 런치, 프레쉬 딜라이트 피자와 더불어, 합리적인 가격의 세트 메뉴로 소비자들에게 큰 사랑을 받고 있다.""며 ""앞으로도 알찬 메뉴 구성과 경쟁력 있는 가격을 통해 소비자들의 외식비 부담을 덜어드리겠다”고 덧붙였다.\n\n한편, 신선한 재료만을 엄선해 고객에게 갓 구운 제품을 제공한다는 카아니 형제의 경영 원칙을 고수하고 있는 피자헛은 미국, 영국, 러시아 등 100개국에서 세계적인 피자 전문 레스토랑으로 자리 잡고 있다.\n\n피자헛은 1958년 미국 켄자스 주 위치타에서 시작했으며 텍사스 주 달라스에 본사를 두고 있다.\n\n1985년 이태원점을 1호점으로 오픈함과 동시에 한국에 피자를 본격적으로 소개됐다.\n\n[ ⓒ 프랜차이즈 창업 체인 가맹 사업 네트워크 "" 이데일리 EFN ""]\n\n\n▶ 관련기사 ◀\n☞촉촉한 피부를 위한 연어 피자\n☞봄처녀 마음 사로잡는 부드럽고 상큼한 체리 아이스크림\n☞불황기 소비자들을 위한 합리적인 가격의 간식메뉴 출시\n☞봄맞이 봄봄 한정 메뉴 출시\n☞새학기 새출발 새로운 맛 출시\n☞대중적이며 고급스러운 맛 느낄수 있어\n☞샐러드가 떴다 Festival\n☞풀 서비스 도입, 클림트 전시회 초대권 증정\n☞씨푸드오션, 새봄맞이 씨푸드 바 신 메뉴 출시\n☞건강을 생각하는 웰빙 메뉴 선보여']"
2,2010-08-06,‘더스페셜 100만판 돌파 피자헛이 스페셜하게 쏜다’,"['재미와 즐거움을 주는 한국 피자헛(유)(www.pizzahut.co.kr, 대표 이승일)의 더스페셜(the special) 피자가 출시 3개월 만에 100만판 판매를 돌파했다.\n\n한국 피자헛이 지난 4월 말 출시한 더스페셜 피자는 한국인이 좋아하는 찰도우의 쫄깃한 맛과 재료 본연의 맛을 그대로 살린 제품 경쟁력을 앞세워 하루 1만판 이상 판매되는 매출 성장세를 기록하며 단기간에 ‘밀리언셀러’에 등극했다.\n\n한국 피자헛은 더스페셜 피자 100만판 판매 돌파를 기념해 8월 6일부터 31일까지 15900원 더스페셜 피자 2판을 주문하면 2만5000원에 제공하는 ‘더스페셜 피자 100만판 돌파 기념’ 이벤트를 진행한다.\n\n8월 한달 동안 피자헛 매장을 방문하는 고객뿐 아니라 홈 서비스를 이용하는 고객들은 타 브랜드 피자의 한판보다 저렴한 가격으로 쏘핫치킨, 크림치킨, 바질씨푸드, 까망베르, 데미그라스비프 등 다섯가지 종류의 더스페셜 피자 중 취향에 따라 2가지를 선택해 즐길 수 있다.\n\n신제품 경쟁이 치열한 최근 피자 시장에서 이례적으로 단기간에 밀리언셀러에 등극한 더스페셜 피자는 한국인의 입맛에 맞춘 찰도우는 손으로 직접 두드려 펴서 만들어 씹을수록 쫄깃하고, 살아있는 생(生)이스트를 천천히 숙성시켜 속은 부드러운 맛으로 빵끝까지 맛있게 즐길 수 있다.\n\n한국 피자헛 마케팅팀 조정열 전무는 “기존 피자에서는 맛볼 수 없었던 더스페셜 피자의 쫄깃한 찰도우와 재료 본연의 맛을 살린 차별화된 맛이 고객들의 입맛을 사로잡으면서 단기간에 밀리언셀러가 되는 성과를 달성했다”며 “7월에 새로 선보인 매콤한 맛의 더스페셜 쏘핫치킨 피자의 판매 성장세가 두드러져 더스페셜 피자의 인기가 계속될 것으로 기대하고 있다”고 말했다.']"
3,2009-08-05,지친 여름 입맛 살리는 새콤달콤 피자헛 요거트 바,"['[이데일리 EFN 강동완기자] 한국 피자헛(유)(대표 이승일, www.pizzahut.co.kr )은 지난 7월 31일부터 전국 피자헛 레스토랑 내 샐러드 바에 요거트 바를 런칭하고 칼로리 다운 메뉴를 추가하는 등 메뉴를 대폭 개편했다.\n\n고객들은 기존과 동일한 가격(2인 사용 기준 6,500원, 3인부터 1인당 2,000원 추가)으로 요거트 및 더욱 다양해진 샐러드 바를 이용할 수 있게 됐다.\n\n한국 피자헛은 이번 요거트 바 출시를 위해 특별히 개발된, 부드러운 식감과 정통 요거트의 풍부한 맛과 향을 즐길 수 있는 플레인 타입 요거트를 선보였다.\n\n여성들의 미용과 건강 관리에 도움을 주는 우수한 품질의 비피더스 유산균이 살아있는 피자헛의 요거트는 몸에 좋은 칼슘이 함유되어 있을 뿐 아니라, 변비 예방에도 탁월한 효과가 있다는 것.\n\n피자헛 요거트 바는 웰빙 토핑인 딸기, 블루베리 그리고 라즈베리를 믹스하여 달콤한 향과 신선함이 살아있는 ‘베리베리’, 해바라기 씨, 알로에, 꿀 등을 함께 곁들어 먹을 수 있어, 여성 고객들로부터 큰 인기를 끌 것으로 예상된다.\n\n또한 피자헛 샐러드 바에서 가장 인기가 높은 고구마, 감자, 호박 샐러드의 열량을 기존 제품에 비해 최대 40%까지 낮추고 달콤한 맛은 그대로 유지시킨 ‘칼로리 다운’ 메뉴도 함께 선보인다.\n\n이외에도 키위, 석류, 사과 등 상큼한 천연 과일의 맛을 그대로 살린 드레싱을 함께 출시하여 신선한 샐러드를 즐길 수 있게 했다.\n\n한국 피자헛의 이승일 대표는 “여름과 잘 어울리는 새콤달콤한 요거트 메뉴로 여성 고객들에게 좋은 반응을 얻으리라 기대하고 있다”며, “피자헛 샐러드 바의 칼로리 다운 메뉴로 맛있고 다양한 샐러드를 가벼운 마음으로 즐기시길 바란다.”고 밝혔다.\n\n피자헛(Pizza Hut Co., Ltd)은 신선한 재료만을 엄선해 고객에게 갓 구운 제품을 제공한다는 카아니 형제의 경영 원칙을 고수하고 있는 피자헛은 미국, 영국, 러시아 등 100개국에서 세계적인 피자 전문 레스토랑으로 자리 잡고 있다.\n\n지난 1997년부터 프랜차이즈 가맹사업을 펼쳐, 2008년말 기준으로 전국에 163개 직영점과 150개 가맹점으로 총 313개 매장이 성업중에 있다.\n\n[ ⓒ 프랜차이즈 창업 체인 가맹 사업 네트워크 "" 이데일리 EFN ""]']"
4,2020-10-20,전기 이륜차 보급 확대 불구 충전인프라 부족 등 ‘애물단지’ 전락,"['조오섭 의원 사진제공=조오섭 의원실\n\n\n[글로벌경제신문(광주/전남) 조용원 기자] 국토부와 환경부가 서울시 등 지자체와 함께 배달업계 전기이륜차 보급을 확대하고 있지만 충전 인프라 부족, 이륜차 성능 미달 등 현장에서 외면받는 \'애물단지\'로 전락하고 있다.\n\n20일 서울시청에서 열린 서울특별시 국정감사에서 더불어민주당 조오섭 국회의원(광주북구갑 국토교통위원회)은 “최근 5년간 보급된 전기이륜차는 총 2만5,554대로 보조금은 635억5,500만원에 달한다“고 밝혔다.\n\n전기이륜차 보조금 최대지원액은 경형 210만원, 대형 330만원, 소형 260만원, 중형 290만원, 대형 330만원, 기타형 330만원으로 내연 이륜차 한 대값을 호가한다.\n\n서울시의 경우 지난해 4월 한국맥도날드(유), 한국피자헛(유) 등 6개 대표 배달업체와 상생협약을 맺고 2020년 8월말 기준 총 471대, 139개 지점에 전기이륜차를 보급하며 11억5,161만원의 보조금을 지급했다.\n\n한국맥도날드가 79개 지점 370대(9억1,770만원)로 가장 많이 구입했고 한국피자헛 41개 지점 55대(1억2900만원), 바로고 1개 지점 20대(4,600만원), 교촌치킨 16개 지점 17대(3,830만원), 메쉬코리아 부릉 1개지점 5대(1,145만원), 배민라이더스 1개지점 4대(916만원) 순으로 나타났다.\n\n하지만 보급이 곧 이용으로 이어지지는 않았다. 조오섭 의원실이 9월 26일부터 20일간 전기이륜차 보급 매장 67개를 직접 현장실사한 결과 보급된 오토바이 328대 중 사용 중인 전기이륜차는 71(21.6%)대에 불과했고 260대(79.2%)가 미사용 중인 것으로 드러났다.\n\n서울시가 보급한 전기이륜차 수 보다 더 많이 보유하고 있는 매장은 2개(12대)였지만 모두 미사용중인 것으로 확인됐다.\n\n실제 가장 많은 전기이륜차가 보급된 맥도날드 신림점(12대)은 매장 옆 골목에 방치되어 있었고, 맥도날드 보라매점(9대)는 지하주차장에 방치된 채 내연이륜차만 바쁘게 배달하고 있었다.\n\n이에 대해 국토부나 서울시는 실제 이용율에 대한 실태조사조차 못하고 있는 실정이다.\n\n또 협약을 맺은 배달업체는 아니지만 2019년 배달용, 영업용으로 전기이륜차를 10대 이상 구매한 업체나 단체도 총 16개(329대)였지만 차량 의무운행기간인 2년을 못 채우고 판매한 업체도 총 7개(40대)에 달했다.\n\n조오섭 의원은 ""전기이륜차의 활용도가 높은 배달업계가 정부 방침에 따라 보급을 확대하고 있지만 충전 인프라 부족, 이륜차·배터리 성능 부족 등 낮은 성능 때문에 현장에서 외면받고 있다""며 ""국산 전기이륜차의 성능이 중국에 비해 현저히 떨어져 서울시 배달업계 국산 전기이륜차 보급률이 18%에 그치고 있어 기술개발 투자와 충전 인프라 구축을 서둘러야 실효성을 높일 수 있다“고 말했다.\n\n\n\n광주=조용원 글로벌경제신문 기자 news@getnews.co.kr']"
5,2017-04-21,배달음식 대표 프랜차이즈 업체 ‘시간내 배달’ 안합니다,"[' \n치킨, 피자 등 대표적인 배달음식 대표 프랜차이즈 8개사는 교통사고를 유발하는 ‘시간내 배달’ 근절 등 배달근로자 보호를 위한 재해예방 활동을 전개하기로 결의했다.', '고용노동부는 최근 배달앱을 통한 주문거래와 1인 가족 증가에 따른 배달수요가 늘어 이륜차를 이용한 음식배달서비스가 확대되고 있으나, 시간내 배달독려, 소비자의 빠른 주문 재촉, 배달 건수에 따른 임금체계 등으로 배달원의 안전이 위협받고 있는 실정이라고 설명했다.', '▲ 고용노동부 블러그 캡쳐 @머니S MNB, 식품 유통 · 프랜차이즈 외식 & 유망 창업아이템의 모든 것', '이에 따라 프랜차이즈사 관계자는 고용노동부, 경찰청이 지난 4.20(목) 개최한 ‘안전보건리더회의’에서 이륜차 사고 예방을 위한 안전활동 추진 방안을 논의하고, 공동협력 결의문을 채택하였다.\n\n결의문에 따라 프랜차이즈 본사는 안전보건경영 방침 제정, 직영점 및 가맹점의 안전활동 지원, 이륜차 사고예방활동 독려, 배달주문 안전문화 캠페인 등을 추진하게 된다.\n\n한편, 정부는 이륜차 사고예방을 위해 배달 수요가 많은 5~8월을 집중단속기간으로 정해 캠페인 및 단속을 전개할 계획이라고 발표하였다.\n\n고용노동부는 라디오 방송 등 각종 매체를 활용한 홍보와 한국산업안전보건공단?도로교통공단 등 유관기관과 함께 이륜차 안전운행 캠페인을 전개하고 경찰청은 이륜차 운전자의 안전모 미착용, 운전 중 휴대전화 사용, 신호위반 등에 대한 단속을 강화하고 사업주에게도 책임이 있는 경우 함께 처벌할 예정임을 밝혔다.\n\n고용노동부 김왕 산재예방보상정책국장은 “지난 이륜차 재해예방을 위한 배달앱사 및 배달대행사 사업주 간담회와 프랜차이즈 대표사 안전보건 리더회의를 계기로 배달종사자의 안전에 대한 관심이 고조되었다”라며, 배달종사자의 재해예방을 위해 “사업주들의 ‘시간내 배달 근절’ 뿐만 아니라 ‘안전한 배달’에 대한 국민적 관심이 무엇보다도 중요하다”고 밝혔다.', '이번 시간내배달 근절캠페인에는 ㈜롯데리아, 한국맥도날드(유), 한국피자헛(유), ㈜제너시스비비큐, ㈜MP그룹 미스터피자, 교촌에프앤비(주) 교촌치킨 , 청오디피케이(주) 도미노피자, ㈜알볼로에프앤씨 피자알볼로가 참여했다.']"
6,2017-01-03,이데일리 '오늘의 경제일정'- 계란 수급 및 가격안정 긴급할당관세 운영 계획,"['[이데일리 강경록 기자] 오늘(3일) 유일호 부총리 겸 기획재정부 장관, 임종룡 금융위원장 등 경제·금융 수장들과 금융사 최고경영자(CEO)들이 ‘2017 범금융 신년인사회’에 참석할 예정이다. 기재부는 오늘 오전 ‘계란 수급 및 가격안정을 위한 긴급할당관세 운용 계획’을 시행할 예정이다. 한국은행은 지난해 12월말 기준 외환보유액도 밝힌다. 지난 11월 우리나라의 외환보유액은 달러화 강세의 영향으로 31억 8000만 달러 줄어든 바 있다.\n\n◇경제·금융\n\n10:00 유일호 부총리, 국무회의(서울청사)\n\n14:00 유일호 부총리, 2017 범금융 신년인사회(롯데호텔)\n\n14:00 이주열 한은 총재, 2017년 범금융기관 신년인사회 참석(롯데호텔 크리스탈볼룸)\n\n14:00 장병화 한은 부총재, 2017년 범금융기관 신년인사회 참석(롯데호텔 크리스탈볼룸)\n\n기재부, 2017 기업 환경이 이렇게 달라집니다(배포시)\n\n기재부, 보조금관리에관한법률 개정안 국무회의 의결(오전 10시)\n\n기재부, ‘계란 수급 및 가격안정을 위한 긴급할당관세 운용 계획’ 시행 예정(오전 10시)\n\n기재부, 2017 범금융 신년인사회 부총리 신년사(14시 15분)\n\n공정위, 대규모유통업법 개정안 국무회의 통과(참고)\n\n공정위, 한국피자헛(유)의 가맹사업법 위반행위에 관한 건(4일 조간)\n\n한국은행, 2016년 12월말 외환보유액\n\n한국은행, 2016년 24차 금통위 의사록 공개(오후 4시)\n\n◇산업·증권\n\n10;00 주형환 산업부 장관, 국무회의 참석(서울청사)\n\n10:00 김영석 해수부 장관, 국무회의 참석\n\n14:40 주형환 산업부 장관, 산업단지 수출현장 방문(구로디지털산업단지)\n\n18:00 주형관 산업부 장관, 섬유패션산업 신년인사회(섬유센터)\n\n산업부, 섬유패션산업 신년인사회 개최(4일 조간)\n\n산업부, 2016외국인직접투자 동향 발표(4일 조간)\n\n산업부, 에너지신산업 금융투자 간담회 개최(4일 석간)\n\n해수부, 설 명절 물가안정 위해 정부비축 수산물 방출\n\n해수부, 2017년 어업분야 외국인력 도입 이렇게 바뀝니다.\n\n◇정치·사회\n\n10:00 이기권 고용부 장관, 국무회의 참석(서울청사)\n\n10:00 정진엽 복지부 장관, 국무회의 참석(서울청사)\n\n10:00 강은희 여가부 장관, 국무회의 참석(서울청사)\n\n10:00 조경규 환경부 장관, 국무회의 참석(서울청사)\n\n11:00 정진엽 복지부 장관, 대한노인회 인사방문(용산구)']"
7,2017-01-02,이데일리 '내일의 경제일정'- 계란 수급 및 가격안정 긴급할당관세 운영 계획,"['[이데일리 강경록 기자] 3일 유일호 부총리 겸 기획재정부 장관, 임종룡 금융위원장 등 경제·금융 수장들과 금융사 최고경영자(CEO)들이 ‘2017 범금융 신년인사회’에 참석할 예정이다. 기재부는 내일 오전 ‘계란 수급 및 가격안정을 위한 긴급할당관세 운용 계획’을 시행할 예정이다. 한국은행은 지난해 12월말 기준 외환보유액도 밝힌다. 지난 11월 우리나라의 외환보유액은 달러화 강세의 영향으로 31억 8000만 달러 줄어든 바 있다\n\n◇경제·금융\n\n10:00 유일호 부총리, 국무회의(서울청사)\n\n14:00 유일호 부총리, 2017 범금융 신년인사회(롯데호텔)\n\n14:00 이주열 한은 총재, 2017년 범금융기관 신년인사회 참석(롯데호텔 크리스탈볼룸)\n\n14:00 장병화 한은 부총재, 2017년 범금융기관 신년인사회 참석(롯데호텔 크리스탈볼룸)\n\n기재부, 2017 기업 환경이 이렇게 달라집니다(배포시)\n\n기재부, 보조금관리에관한법률 개정안 국무회의 의결(오전 10시)\n\n기재부, ‘계란 수급 및 가격안정을 위한 긴급할당관세 운용 계획’ 시행 예정(오전 10시)\n\n기재부, 2017 범금융 신년인사회 부총리 신년사(14시 15분)\n\n공정위, 대규모유통업법 개정안 국무회의 통과(참고)\n\n공정위, 한국피자헛(유)의 가맹사업법 위반행위에 관한 건(4일 조간)\n\n한국은행, 2016년 12월말 외환보유액\n\n한국은행, 2016년 24차 금통위 의사록 공개(오후 4시)\n\n◇산업·증권\n\n10;00 주형환 산업부 장관, 국무회의 참석(서울청사)\n\n10:00 김영석 해수부 장관, 국무회의 참석\n\n14:40 주형환 산업부 장관, 산업단지 수출현장 방문(구로디지털산업단지)\n\n18:00 주형관 산업부 장관, 섬유패션산업 신년인사회(섬유센터)\n\n산업부, 섬유패션산업 신년인사회 개최(4일 조간)\n\n산업부, 2016외국인직접투자 동향 발표(4일 조간)\n\n산업부, 에너지신산업 금융투자 간담회 개최(4일 석간)\n\n해수부, 설 명절 물가안정 위해 정부비축 수산물 방출\n\n해수부, 2017년 어업분야 외국인력 도입 이렇게 바뀝니다.\n\n◇정치·사회\n\n10:00 이기권 고용부 장관, 국무회의 참석(서울청사)\n\n10:00 정진엽 복지부 장관, 국무회의 참석(서울청사)\n\n10:00 강은희 여가부 장관, 국무회의 참석(서울청사)\n\n10:00 조경규 환경부 장관, 국무회의 참석(서울청사)\n\n11:00 정진엽 복지부 장관, 대한노인회 인사방문(용산구)']"
8,2017-01-01,정부부처 주간일정 및 보도계획(1~8일),"['기획재정부\n\n1일(일)\n△유일호 부총리, 수출 전진기지 인천신항 현장방문(오후 2시30분, 인천신항)\n\n2일(월)\n△유일호 부총리·최상목1차관·송언석2차관, 정부 시무식(오전9시, 서울청사)\n△유일호 부총리·최상목1차관·송언석2차관, 기획재정부 시무식(오후1시50분, 세종청사)\n△기재부, 2017년도 예산 및 기금운용계획 집행지침 배포(오전)\n△기재부, 2017년 기획재정부 시무식 신년사(오후)\n△통계청, 2016년 11월 온라인쇼핑동향(3일 조간)\n\n3일(화)\n△유일호 부총리, 국무회의(오전10시, 서울청사)\n△유일호 부총리, 2017년 범금융 신년인사회(오후2시, 롯데호텔)\n△기재부, 2017년 기업 환경이 이렇게 달라집니다(오전)\n△기재부, 보조금관리에관한법률 개정안 국무회의 의결(오전)\n△기재부, ‘계란 수급 및 가격안정을 위한 긴급할당관세 운용 계획’ 시행 예정(오전)\n△기재부, 2016년 범금융 신년인사회 부총리 신년사(오후)\n\n4일(수)\n△유일호 부총리, 대외경제장관회의(오전9시30분, 서울청사)\n△유일호 부총리, 경제계 신년인사회(오후5시, 코엑스)\n△기재부, 제189차 대외경제장관회의 개최(오전)\n△기재부, 아시아개발은행(ADB)의 “어떻게 아시아 근로연령층 인구부족을 채울 것인가”(오후)\n\n5일(목)\n△유일호 부총리, 2017년 업무보고(오전9시30분, 서울청사)\n△최상목1차관, 차관회의(오후4시30분, 서울청사)\n△기재부, 2017년 정부업무보고(오전)\n△KDI 경제동향(2017. 1)(6일 조간)\n\n6일(금)\n△유일호 부총리, 주한 호주대사 면담(오전11시, 비공개)\n△KDI-EBS ‘제4차 산업혁명 위기인가 기회인가’ 다큐멘터리 기획‧방영(오전)\n기재부, 유일호 부총리 주한 호주대사 면담(오후)\n\n8일(일)\n△기재부, 유일호 부총리, 뉴욕에서 한국경제설명회 개최예정(오전)\n\n고용노동부\n\n2일(월)\n△이기권 고용부 장관, 17년 정부 시무식(오전 9시, 서울청사)\n△이기권 고용부 장관, 고용노동부 시무식 및 정부포상 전수식(오후 2시, 대회의실)\n△고영선 고용부 차관, 17년 정부 시무식(오전 9시, 서울청사)\n△고영선 고용부 차관, 고용노동부 시무식 및 정부포상 전수식(오후 2시, 대회의실)\n△고용부, 중소기업 사업주 유급휴가훈련 지원 확대(오전)\n\n3일(화)\n△이기권 고용부 장관, 국무회의(오전 10시, 서울-세종)\n\n4일(수)\n△이기권 고용부 장관, 경제계 신년인사회(오후 5시, 코엑스)\n△고용부, 고액·상습 체불 사업주 명단공개 및 신용제재 시행(오전)\n△고용부, 개인형퇴직연금제도(IRP) 가입대상 확대 추진(오후)\n△고용부, 장시간근로 개선 사업장 방문(오후)\n\n5일(목)\n△이기권 고용부 장관, 현장 방문(오전 10시, 안산)\n△고영선 고용부 차관, 차관회의(오후 4시30분, 서울-세종)\n△고용부, 17년도 청년내일채움공제 민간위탁 운영기관 선정(오전)\n\n6일(금)\n△이기권 고용부 장관, 17년 노사정 신년인사회(오후 4시, 포스트타워)\n△고영선 고용부 차관, 17년 노사정 신년인사회(오후 4시, 포스트타워)\n\n환경부\n\n2일(월)\n△조경규 환경부 장관, 정부 시무식(오전 9시, 서울청사)\n△조경규 환경부 장관, 시무식(오후 1시30분, 5층 대회의실)\n△조경규 환경부 장관, 화학사고, 테러대응태세 현장점검(오후 4시, 화학물질안전원)\n△이정섭 환경부 차관, AI일일상황회의(오전 8시, 서울청사)\n△이정섭 환경부 차관, 정부 시무식(오전 9시, 서울청사)\n△이정섭 환경부 차관, 시무식(오후 1시30분, 5층 대회의실)\n△환경부, 화학물질안전원, 개원 3년의 성과(오전)\n△환경부, 2017년 화학물질 안전 전문교육 실시(오후)\n\n3일(화)\n△조경규 환경부 장관, 국무회의(오전 10시, 서울청사)\n\n4일(수)\n△조경규 환경부 장관, 대외경제장관회의(오전 9시30분, 세종청사)\n△환경부, 가축분뇨 전자인계 시스템 도입(오전)\n\n5일(목)\n△이정섭 환경부 차관, 차관회의(오후 4시30분, 서울청사)\n△환경부, 기후변화 취약 생태계 보전을 위한 유전학적 토대 마련(오전)\n\n6일(금)\n△조경규 환경부 장관, 업무보고 사전브리핑(오전 11시, 기자실)\n\n보건복지부\n\n2일(월)\n△정진엽 복지부 장관, 정부 시무식(오전9시, 서울청사)\n△정진엽 복지부 장관, 복지부 시무식(오후2시, 대회의실)\n△방문규 복지부 차관, 정부 시무식(오전9시, 서울청사)\n△방문규 복지부 차관, 복지부 시무식(오후2시, 세종청사)\n\n3일(화)\n△정진엽 복지부 장관, 국무회의(오전10시, 미정)\n△정진엽 복지부 장관, 대한노인회 인사방문(오전11시, 용산구)\n\n4일(수)\n△정진엽 복지부 장관, 2017년 의료계 신년인사회(오전10시30분, 롯데호텔)\n△정진엽 복지부 장관, 2017년 약계 신년인사회(오후4시, 대한약사회)\n△정진엽 복지부 장관, 2017년 치과의사협회 신년인사회(오후6시30분, 프라자호텔)\n△방문규 복지부 차관, 독거노인 지원사업 수행기관 현장방문(미정)\n\n5일(목)\n△정진엽 복지부 장관, 2017년 장애계 신년인사회(오전11시, 이룸센터)\n△방문규 복지부 차관, 차관회의(오후4시30분, 서울청사)\n\n산업통상자원부\n\n2일(월)\n△주형환 산업부 장관, 정부 시무식(오전 9시, 서울청사)\n△주형환 산업부 장관, 수출현장 방문(오후 1시10분, 평택항)\n△주형환 산업부 장관, 산업부 시무식(오후 3시30분, 세종)\n△주형환 산업부 장관, 사회복지시설 방문(오후 5시30분, 해농보육원)\n△정만기 산업부 1차관, 정부 시무식(오전 9시, 서울청사)\n△우태희 산업부 2차관, 정부 시무식(오전 9시, 서울청사)\n△정만기 산업부 1차관, 산업부 시무식(오전 3시30분, 세종청사)\n△우태희 산업부 2차관, 산업부 시무식(오전 3시30분, 세종청사)\n△산업부, 산업부 장관 평택항 방문 수출회복 의지 다져\n\n3일(화)\n△주형환 산업부 장관, 국무회의(오전 10시, 서울)\n△주형환 산업부 장관, 산업단지 수출현장 방문(오후 2시30분, 구로디지털산업단지)\n△주형환 산업부 장관, 섬유패션산업 신년인사회(오후 6시, 섬유센터)\n△산업부, 섬유패션산업 신년인사회 개최\n△산업부, ‘16년 외국인직접투자 동향 발표\n△산업부, 에너지신산업 금융투자 간담회 개최\n\n4일(수)\n△주형환 산업부 장관, 에너지신산업 금융투자 간담회(오전 11시30분, 엘타워)\n△정만기 산업부 1차관, 디자인전문가 간담회(오전 10시, 무보)\n△산업부, 한국형 히든챔피언 육성사업 통합공고\n△산업부, ‘17년 산업부 주요업무 계획\n\n5일(목)\n△주형환 산업부 장관, 2017년 정부 업무보고(오전 9시30분, 서울)\n△정만기 산업부 1차관, 2017년 정부 업무보고(오전 9시30분, 서울)\n△우태희 산업부 2차관, 2017년 정부 업무보고(오전 9시30분, 서울)\n\n6일(금)\n△주형환 산업부 장관, 유관기관 신년인사회(오전 11시, 세종)\n\n해양수산부\n\n2일(월)\n△김영석 해수부 장관, 정부시무식,(오전 9시, 서울청사)\n△윤학배 해수부 차관, 정부시무식,(오전 9시, 서울청사)\n△김영석 해수부 장관, 해수부시무식(오후 2시, 세종청사)\n△윤학배 해수부 차관, 해수부시무식(오후 2시, 세종청사)\n\n3일(화)\n△김영석 해수부 장관, 국무회의(오전 10시, 서울-세종)\n△해수부, 설 명절 물가안정 위해 정부비축 수산물 방출\n△해수부, 2017년 어업분야 외국인력 도입 이렇게 바뀝니다.\n\n4일(수)\n△김영석 해수부 장관, 해양수산가족 신년인사회(오전 11시, 용산)\n△김영석 해수부 장관, 2017년 경제계 신년인사회(오후 5시, 코엑스)\n△윤학배 해수부 차관, 해양수산가족 신년인사회(오전 11시, 용산)\n\n5일(목)\n△김영석 해수부 장관, 해향회 신년교례회(오전 10시, 그랜드컨벤션센터)\n△윤학배 해수부 차관, 해향회 신년교례회(오전 10시, 그랜드컨벤션센터)\n△윤학배 해수부 차관, 차관회의(오후 4시30분, 서울-세종)\n△해수부, 2016년 해양환경 측정·분석기관 인증 결과 발표\n△해수부, 2017년 양식수산물 생산동향 및 가격 전망\n△해수부, 국내·외 해상거리표 인터넷 서비스 개시\n△해수부, 2017년 해양수산부 업무계획\n\n6일(금)\n△김영석 해수부 장관, 2017년 해양수산전망대회(오후 12시, 대한상공회의소)\n\n공정거래위원회\n\n2일(월)\n△정재찬 공정거래위원장, 정부시무식(서울청사, 오전9시)\n△정재찬 공정거래위원장, 위원회 시무식(2동 다목적홀, 오후3시)\n△김학현 공정거래 부위원장, 위원회 시무식(다목적홀, 오후3시)\n△공정위, 올해의 공정인 선정(오전)\n△공정위, 한국쓰리엠(주) 등 4개 차량용 에어컨필터 제조사의 부당한 표시광고행위에 대한 건(오전)\n\n3일(화)\n△정재찬 공정거래위원장, 국무회의(세종청사 영상회의실, 오전10시)\n△공정위, 대규모유통업법 개정안 국무회의 통과(오전)\n△공정위, 한국피자헛(유)의 가맹사업법 위반행위에 대한 건(오전)\n\n4일(수)\n△공정위, 온라인쇼핑몰 표준거래계약서 제정(오전)\n△공정위, 2017년 공정위 업무계획(목요일 석간용)\n\n5일(목)\n△정재찬 공정거래위원장, 정부업무보고(서울청사, 오전9시30분)\n△김학현 공정거래 부위원장, 2017년도 정부업무보고(서울청사, 오전9시30분)\n△김학현 공정거래 부위원장, 차관회의(서울청사, 오후4시30분)\n\n6일(금)\n△김학현 공정거래 부위원장, 홍보 및 정책 조정회의(중회의실, 오전9시)\n△공정위, 사익편취 금지규정 가이드라인 제정(월요일 조간용)\n\n여성가족부\n\n2일(월)\n△강은희 여가부 장관, 2017년 정부 시무식(정부서울청사 별관, 오전9시)\n△강은희 여가부 장관, 2017년 여성가족부 시무식(정부서울청사, 오전10시)\n△강은희 여가부 장관, 2017년 국립묘지 참배(국립서울현충원, 오후1시20분)\n△권용현 여가부 차관, 2017년 정부 시무식(정부서울청사 별관, 오전9시)\n△권용현 여가부 차관, 2017년 여성가족부 시무식(정부서울청사, 오전10시)\n△권용현 여가부 차관, 2017년 국립묘지 참배(국립서울현충원, 오후1시20분)\n\n3일(화)\n△강은희 여가부 장관, 국무회의(정부서울청사, 오전10시)\n\n4일(수)\n△여가부, 여성창업 활성화 및 여성 벤처기업 발전을 위한 제도개선 권고(목요일 석간용)\n\n5일(목)\n△강은희 여가부 장관, 사회부처 국무위원 간담회(정부서울청사, 오전8시)\n△권용현 여가부 차관, 차관회의(정부서울청사, 오후4시30분)\n\n6일(금)\n△강은희 여가부 장관, 정부 업무보고 사전브리핑(정부서울청사, 오전10시)\n△여가부, 저출산 문제 해소를 위해 일‧가정 양립 및 양성평등 문화 조성에 대한 지원 확대(월요일 오후2시 엠바고)\n한국은행\n\n2일(월)\n△이주열 한은 총재 시무식 참석(오전 9시, 한은 별관)\n△장병화 한은 부총재 시무식 참석(오전 9시, 한은 별관)\n\n3일(화)\n△2016년 12월말 외환보유액\n△2016년 24차(12.15일 개최) 금통위 의사록 공개(오후 4시)\n△이주열 한은 총재, 2017년 범금융기관 신년인사회 참석(오후 2시, 롯데호텔 크리스탈볼룸)\n△장병화 한은 부총재, 2017년 범금융기관 신년인사회 참석(오후 2시, 롯데호텔 크리스탈볼룸)\n\n4일(수)\n△2016년 11월 국제수지(잠정)\n△금융기관 대출행태서베이 결과(2016년 4/4분기 동향 및 2017년 1/4분기 전망)\n△｢한국의 금융시장｣(책자) 발간\n\n5일(목)\n△이주열 韓銀 총재, 「BIS 총재회의」참석\n\n6일(금)\n\n△해외경제포커스\n△이주열 한은 총재, BIS(국제결제은행) 총재회의 참석(6일~10일, 스위스 바젤)']"
9,2016-12-31,공정거래위원회 주간계획(1.1~8일),"['[세종=이데일리 박종오 기자] 다음은 다음주(2017년 1월 1~8일) 공정거래위원회의 주요 행사일정 및 보도계획이다.\n\n주간 행사일정\n\n△2017년 1월 2일(월)\n\n09:00 정부시무식(위원장, 서울청사)\n\n15:00 위원회 시무식(위원장·부위원장, 2동 다목적홀)\n\n△3일(화)\n\n10:00 국무회의(위원장, 세종청사 영상회의실)\n\n△5일(목)\n\n09:30 정부업무보고(위원장·부위원장, 서울청사)\n\n16:30 차관회의(부위원장, 서울청사)\n\n△6일(금)\n\n09:00 홍보 및 정책 조정회의(부위원장, 중회의실)\n\n주간 보도계획\n\n△2017년 1월 1일(일)\n\n12:00 2016년 소비자정책위원회 개최 결과 발표\n\nㄴ브리핑 2016년 12월 30일(금) 11:00, 소비자정책과장\n\n△2일(월)\n\n10:00 올해의 공정인 선정\n\n12:00 한국쓰리엠(주) 등 4개 차량용 에어컨필터 제조사의 부당한 표시광고행위에 대한 건\n\n△3일(화)\n\n10:00 규모유통업법 개정안 국무회의 통과\n\n12:00 한국피자헛(유)의 가맹사업법 위반행위에 대한 건\n\n△4일(수)\n\n12:00 온라인쇼핑몰 표준거래계약서 제정\n\n△8일(일)\n\n12:00 사익편취 금지규정 가이드라인 제정']"
10,2009-08-24,"난타공연 보고 꿈도 키우고, 맛있는 피자도 먹고","['[이데일리 EFN 강동완기자] 한국 피자헛(유) (대표 이승일, www.pizzahut.co.kr )은 지난 21일, 임직원들이 즉석에서 피자를 제공할 수 있는 ‘사랑나누기’ 이벤트를 진행했다.\n\n피자헛측은 경기도 과천의 꿈나눔과천지역아동센터(최인숙 센터장)를 방문해 어린이 난타 공연를 관람하고 함께 피자를 즐기는 뜻 깊은 시간을 보냈다는 것.\n\n이번 행사는 한국 피자헛이 매달 진행하고 있는 ‘사랑 나누기’ 활동의 일환으로, 문화적 혜택의 기회가 부족한 꿈나눔과천지역아동센터의 맞벌이 가정 어린이들과 저소득층 아동 150여명을 위해 마련되었다.\n\n사랑 나누기 행사에 참여한 한국 피자헛 사업개발센터의 한상규 이사는 “어린이들과 페이스 페인팅, 풍선 아트도 해보는 등 마치 어린 시절로 돌아간 것처럼 즐거운 시간을 보냈다.”며, “앞으로 어린이들에게 꿈과 희망을 심어줄 수 있는 다양한 사랑 나누기 활동에 꾸준히 참여하겠다”고 밝혔다.\n\n한편, 피자헛은 지난 97년부터 프랜차이즈 패스트푸드 전문점으로 신선한 재료만을 엄선해 고객에게 갓 구운 제품을 제공한다는 원칙을 고수하고 있다.\n\n미국, 영국, 러시아 등 100개국에서 피자 전문 레스토랑으로 피자헛은 1985년 이태원점을 1호점으로 오픈함과 동시에 한국에 피자를 본격적으로 소개했다.\n\n[ ⓒ 프랜차이즈 창업 체인 가맹 사업 네트워크 "" 이데일리 EFN ""]']"
11,2009-07-01,"피자 영화관, 사랑나누기 운동 펼쳐","['[이데일리 EFN 강동완기자] 한국 피자헛(유)(이승일 대표, www.pizzahut.co.kr)은 서울 영등포구 7개 아동 복지관의 150여명의 어린이들을 롯데시네마 영등포역점으로 초청, 피자 40판을 임직원들과 함께 나눠 먹고 화제작 ‘트랜스포머: 패자의 역습’를 관람했다.\n\n이번 행사는 한국 피자헛이 꾸준히 진행하고 있는 ‘사랑 나누기’ 활동의 일환으로, 상대적으로 문화적 혜택의 기회가 적은 결식 아동 및 복지 시설 내 어린이들에게 문화 체험의 기회와 더불어 피자를 함께 즐기는 행복한 시간을 제공했다.\n\n한국 피자헛 제품지원센터의 손경현 이사는 “미래의 주역인 어린이들을 위한 행사에 참가하게 되어 뜻 깊은 시간을 보냈다.“며, “앞으로도 사랑 나누기 활동을 통해 소외된 어린이들에게 희망과 꿈을 전달할 수 있는 기회를 꾸준히 마련하겠다”고 밝혔다.\n슬기로운 재테크 생활! 네이버 채널 구독\n벤츠 시승하고, 아이나비 HUB 에어펌프 받자!\n\n[ ⓒ 프랜차이즈 창업 체인 가맹 사업 네트워크 "" 이데일리 EFN ""]']"
12,2009-08-11,한-일전만큼이나 뜨거웠던 더블치킨피자 샘플링,"['[이데일리 EFN 강동완기자] 한국 피자헛(유) (www.pizzahut.co.kr)은 지난 8일, 한일 축구 올스타전인 ‘조모컵 2009’가 열린 인천 월드컵경기장에서 관람객을 대상으로 더블 치킨 피자 시식 이벤트를 실시했다.\n\n이날 이벤트는 즉석에서 피자 조리가 가능한 차량을 동원하여 갓 구운 따끈한 피자를 한 조각씩 무료로 제공한 이번 더블 치킨 피자 시식 이벤트는 2시간 만에 준비 수량이 모두 소진되며 그 뜨거운 인기를 실감하게 했다.\n\n피자헛의 신 메뉴 ‘더블 치킨 피자’는 특별히 개발한 쫄깃하고 담백한 도우에 멕시칸 스타일의 매콤한 ‘텍스-맥스’ 소스와 국내산 참나무로 훈연한 닭 가슴살을 듬뿍 올렸다.\n\n이와 함께 달콤한 파인애플과 피망, 양파가 한데 어우러져 색다른 맛을 좋아하는 젊은 층에게 뜨거운 인기를 얻고 있다.\n\n조모컵은 소녀시대의 하프타임 공연, 한류 스타 이병헌의 아사히 TV 객원 해설로도 화제가 되었으며, 한국 피자헛의 더블 치킨 피자 무료 시식 이벤트 등의 다양한 행사로 진행됐다.\n\n한국 피자헛 마케팅지원센터의 김희경 대리는 “이번 더블 치킨 피자 시식 이벤트는 지난 6월, 연세대학교에서 열린 1차 시식 이벤트의 성공에 힘 입어 추가적으로 실시하게 되었다.”며, “피자헛은 맛에 대해 자신감을 바탕으로 꾸준히 시식 이벤트를 진행할 예정이며 이를 통해 고객들이 피자를 직접 맛보고 선택할 수 있는 기회를 제공할 계획이다.”고 밝혔다.\n\n\n[ ⓒ 프랜차이즈 창업 체인 가맹 사업 네트워크 "" 이데일리 EFN ""]']"
13,2009-04-13,피자 100판 기부 및 봉사활동 진행,"['[이데일리 EFN 강동완기자] 한국 피자헛(유)(대표 이승일, www.pizzahut.co.kr)은 지난 4월 11일 열린 ‘제 3회 전국 장애인과 비장애인이 함께하는 두리두리 인라인 마라톤 대회”에 즉석에서 피자 조리가 가능한 ‘사랑 나누기’ 차량을 동원해 피자 100판을 기부하고, 임직원들은 행사장내 봉사활동을 펼쳤다.\n\n‘두리두리 인라인 마라톤 대회’는 400여명의 장애인과 가족, 자원봉사자들이 참여하는 가운데 장애인과 비장애인이 2인 1조가 되어 5Km와 10Km 두 코스로 경기가 진행됐다.\n\n사회복지법인 다운회가 주최하고 다운복지관에 주관한 두리두리 인라인 마라톤 대회는 장애인들의 사회참여의 권리를 보장하고 함께 어울려 사는 통합의 장을 제공하고자 마련된것.\n\n현장에서 봉사활동에 참가한 한국 피자헛 마케팅 본부의 조윤상 부장은 “한국 피자헛은 업계에서 장애인 고용 비율이 가장 높고, 장애인과 비장애인이 함께 어울려 근무할 수 있는 환경 조성에 앞장서고 있다.”며, “앞으로도 꾸준한 사랑 나누기 활동을 통해 피자헛 안팎으로 사랑을 실천하는데 힘쓰겠다”고 밝혔다.\n\n[ ⓒ 프랜차이즈 창업 체인 가맹 사업 네트워크 "" 이데일리 EFN ""]']"
14,2009-07-20,월드스타 비와 함께 피자 만들어 먹어요,"['[이데일리 EFN 강동완기자] 한국 피자헛(유)(대표 이승일, www.pizzahut.co.kr)은 지난 18일 토요일, 피자헛 홍보대사 비(본명 정지훈, 제이튠엔터테인먼트)와 국제 NGO 단체 기아대책 ‘행복한홈스쿨’ 소속 어린이 80여명과 함께 피자를 만드는 사랑나누기 행사를 진행했다.\n\n강남구 노인복지관에서 실시된 사랑나누기 행사는 피자헛 임직원들이 준비한 페이스 페인팅과 풍선 아트로 시작하여, 어린이와 직원들이 팀을 이뤄 직접 피자를 만들어 보는 시간으로 이어졌다.\n\n피자 만들기 시간에는 피자헛 홍보대사인 비가 요리보조로 깜짝 등장, 행사장에 있던 어린이들은 놀라움과 기쁨을 감추지 못했다.\n\n비는 어린이들과 직접 피자헛의 리치골드 피자 토핑을 올리고, 즉석에서 참가 어린이 전원에게 사인을 해주며 격려의 메시지를 전달했다.\n\n이후 피자가 구워지는 시간 동안 버블쇼를 관람하였으며, 비와 어린이들이 함께 직접 만든 갓 구운 피자를 맛있게 먹고 행사는 종료됐다.\n\n한국 피자헛의 이승일 대표는 “방학을 맞은 어린이들을 위해 좋은 추억을 만들 수 있었던 뜻 깊은 행사였다.”며, “앞으로도 어린이들에게 꿈과 희망을 줄 수 있는 다양한 사랑나누기 행사를 지속적으로 실시하겠다.” 고 밝혔다.\n슬기로운 재테크 생활! 네이버 채널 구독\n벤츠 시승하고, 아이나비 HUB 에어펌프 받자!\n\n[ ⓒ 프랜차이즈 창업 체인 가맹 사업 네트워크 "" 이데일리 EFN ""]']"
15,2009-03-15,10년 연속 1위로 최고의 피자 브랜드 선정,"['[이데일리 EFN 강동완기자] 한국 피자헛(유)(대표 이승일, www.pizzahut.co.kr)은 한국능률협회컨설팅(KMAC)에서 발표한 ‘제 11차 한국 산업의 브랜드 파워(Korea Brand Power Index)’에서 2000년부터 2009년까지 10년 연속 피자 전문점 1위의 영광을 차지했다.\n\n한국 피자헛은 50여종의 다양한 피자와 파스타, 사이드 메뉴를 개발해 선보이고 있다.\n\n\n특히, 지난 2008년 출시한 스마트 런치와 프레쉬 딜라이트, 이탈리아 정통의 맛을 선보이는 ‘투스카니 파스타’의 판매 호조와 피자헛의 베스트셀러 메뉴인 ‘리치골드 피자’의 4천만판 판매 돌파라는 기념비적 행보를 보이며 업계에서 선도적인 입지를 고수하고 있다.\n\n한국 피자헛의 이승일 대표는 “한국능률협회컨설팅의 조사 결과 한국 피자헛은 타 업체들과 큰 격차를 보이며 피자 전문점 부문 10년 연속 1위를 차지, 한국인이 가장 선호하는 명실상부한 최고의 피자 브랜드로 인정받게 되었다”며, “23년간 피자 시장을 이끌어온 선두 브랜드답게 앞으로도 고객의 큰 사랑에 보답할 수 있도록 끊임없이 노력하겠다”고 밝혔다.\n\n피자헛은 신선한 재료만을 엄선해 고객에게 갓 구운 제품을 제공한다는 카아니 형제의 경영 원칙을 고수하고 있는 피자헛은 미국, 영국, 러시아 등 100개국에서 세계적인 피자 전문 레스토랑으로 자리 잡고 있다.\n\n피자헛은 1958년 미국 켄자스 주 위치타에서 시작했으며 텍사스 주 달라스에 본사를 두고 있다.\n\n1985년 이태원점을 1호점으로 오픈함과 동시에 한국에 피자를 본격적으로 소개했으며 창립 이후 20여년간 피자업계 1위 브랜드 자리를 지켜왔다는게 회사측 소개이다.\n\n한편, ‘한국 산업의 브랜드 파워’는 국내 최초로 체계화된 브랜드 관리 모델을 통한 조사를 시행하여 고객이 가장 신뢰하는 대한민국 대표 브랜드 평가 제도로, 세계적인 투자기관과 컨설팅기관, 그리고 다수의 기업에서 브랜드 성과 측정 도구로 활용되고 있다.\n \n[ ⓒ 프랜차이즈 창업 체인 가맹 사업 네트워크 "" 이데일리 EFN ""]']"
16,2009-07-07,매콤 달콤 더블치킨피자를 화끈하게 쏜다,"['[이데일리 EFN 강동완기자] 한국 피자헛(유)(www.pizzahut.co.kr 이승일 대표)은 지난 7월 4일 토요일부터 열흘간, 전국 100여 개 매장 인근의 번화가에서 시민들이 신 메뉴 더블치킨피자를 무료로 맛볼 수 있는 게릴라 시식 이벤트를 진행하고 있다고 밝혔다.\n\n지난 7월 4일, 서울 대학로와 일산 라 페스타, 부천 상동과 구리, 분당 등 수도권뿐만 아니라 광주 금남로, 부산 서면 1번가, 울산 번영로 등 지방 주요 도시 번화가에서 동시다발적으로 진행됐다.\n◇ 대학로에서 실시한 피자헛 더블 치킨 피자 무료 시식 이벤트에 참가한 시민들이 피자를 시식하고 있다.\n\n오는 7월 13일까지 전국 각지에서 예고 없이 깜짝 이벤트로 실시될 계획이며, 시민들은 피자헛 매장이 있는 거리에서 피자헛 직원들이 준비한 갓 구운 더블 치킨 피자를 한 조각씩 무료로 맛볼 수 있다.\n\n한국 피자헛의 이승일 대표는 “더블 치킨 피자가 폭 넓은 연령층으로부터 사랑 받고 있어 맛에 대한 자신감 덕분에 전국적인 게릴라 무료 시식 이벤트를 실시할 수 있었다.”며, “고객들의 무더위를 시원하게 날려줄 매콤하고도 달콤한 이벤트를 꾸준히 선 보이겠다.”고 밝혔다.\n\n[ ⓒ 프랜차이즈 창업 체인 가맹 사업 네트워크 "" 이데일리 EFN ""]']"
17,2009-06-24,투스카니 파스타 100만 디쉬 판매 돌파,"['[이데일리 EFN 강동완기자] 한국 피자헛(유)(www.pizzahut.co.kr 이승일 대표)은 지난 12월에 출시한 파스타 메뉴인 ‘투스카니 파스타’가 100만 디쉬 판매를 돌파했다고 밝혔다.\n\n판매 1위 메뉴는 대표적인 크림소스 파스타인 ‘카르보나라’였으며, 그 뒤를 이어 전형적인 이탈리아 해물 스파게티인 ‘포모도로 씨푸드’가 2위를 차지했다.\n◇ 좌) 카르보나라, 우) 포모도로 씨푸드\n\n피자헛은 스마트 런치와 스마트 세트의 판매 호조, 합리적인 가격대, 그리고 피자와 파스타를 함께 먹는 소비자들이 많아짐에 따라 약 6개월 만에 100만 디쉬 판매를 돌파할 수 있었다고 밝혔다.\n\n투스카니 파스타는 3가지의 이색적인 파스타 면과 4가지의 프리미엄 소스, 20여 가지의 신선한 재료를 사용하여 이탈리아 파스타 정통의 맛을 선보이고 있다.\n\n전 매장에서 동일한 맛과 품질을 유지하기 위해 ‘투스카니 쉐프 인증제’를 운영해 요리법을 교육하고 있다.\n\n한국 피자헛의 이승일 대표는 “약 6개월 만에 피자헛의 투스카니 파스타를 맛보시고 사랑해주신 고객분들이 100만 명을 넘어서게 되었다”며, “피자업계 최초로 프리미엄 파스타 메뉴군을 내놓은 만큼, 앞으로도 업계를 선도할 수 있는 업그레이드된 메뉴를 꾸준히 선보이겠다”고 밝혔다.\n\n\n[ ⓒ 프랜차이즈 창업 체인 가맹 사업 네트워크 "" 이데일리 EFN ""]']"
18,2009-04-16,1인분도 배달 됩니다,"['[이데일리 EFN 강동완기자] 한국 피자헛(유)(대표 이승일, www.pizzahut.co.kr)이 4월 16일부터 매장 방문 시에만 즐길 수 있었던 1인용 미니피자의 배달을 전격 실시한다.\n\n배달 서비스를 통해 새롭게 선보이는 미니피자와 신 메뉴 ‘반달피자 스파이시 치킨’은 1인용 사이즈의 피자로 스마트 런치, 스마트 세트를 통해 매장 방문 고객의 80% 이상이 주문하는 최고 인기 메뉴이다.\n\n\n특히 3월에 업계 최초로 출시한 ‘반달피자 스파이시 치킨’은 고급 레스토랑에서만 맛볼 수 있었던 이탈리안 피자로 스마트 런치와 더불어 피자헛 매출 상승의 효자 노릇을 톡톡히 하고 있다.\n\n미니피자 및 반달피자 세트는 해당 피자 1종과 홈 샐러드, 1.5L 탄산음료로 구성되어 있으며, ‘미니피자 세트’와 ‘반달피자 세트’, ‘반달피자+미니피자 세트’로 배달 주문하면 최고 20%까지 할인된 가격으로 이용할 수 있다.\n\n총 8가지 종류의 미니피자와 신 메뉴 ‘반달피자 스파이시 치킨’은 1만원 이상 배달 시 주문 가능하다.\n\n한국 피자헛의 이승일 대표는 “매장뿐 아니라 집에서도 1~2인이 피자와 샐러드를 가볍게 즐길 수 있기를 원해 국내 최초로 1인을 위한 피자 세트 배달을 실시하게 되었다”며, “피자와 샐러드, 음료까지 한번에 즐길 수 있는 미니피자 세트로 매장뿐만 아니라 집에서도 부담 없이 즐기시길 바란다”고 밝혔다.\n\n\n[ ⓒ 프랜차이즈 창업 체인 가맹 사업 네트워크 "" 이데일리 EFN ""]']"
19,2009-06-15,소비자에게 직접 맛을 체험토록 한다,"['[이데일리 EFN 강동완기자] 한국 피자헛(유)(대표 이승일, www.pizzahut.co.kr)은 신 메뉴 더블 치킨 피자 출시를 기념해 지난 13일(토) 대학가에서 시식 이벤트를 실시했다.\n\n연세대학교 안에서 열린 이번 시식 이벤트는 피자헛 사랑나누기 차량을 동원하여 교내 학생들에게 갓 구운 따끈한 피자를 제공했으며, 자사 전속모델인 월드스타 비와 사진을 찍을 수 있는 포토존을 만들어 여학생들의 뜨거운 반응을 얻었다.\n\n지난 5월 말에 출시한 피자헛의 신 메뉴 ‘더블 치킨 피자’는 특별히 개발한 쫄깃하고 담백한 도우 위에 멕시칸 스타일의 매콤한 ‘텍스-맥스’ 소스와 국내산 참나무에 훈연한 닭 가슴살을 이 풍부하게 얹었있다.\n\n함께 토핑된 피망과 양파, 달콤한 파인애플이 어우러져 색다른 맛을 좋아하는 젊은 층의 고객들에게 좋은 반응을 얻고 있다.\n\n시식 이벤트를 기획한 피자헛 마케팅팀 관계자는 “신제품 출시 이후 맛에 대한 긍정적인 평가가 많아 소비자들이 직접 맛을 체험할 수 있는 기회를 만들게 되었다”며, “신제품 맛에 대한 자신감으로 27일 추가 이벤트도 현재 계획 중이다”라고 밝혔다.\n\n[ ⓒ 프랜차이즈 창업 체인 가맹 사업 네트워크 "" 이데일리 EFN ""]']"
20,2009-05-26,닭가슴살 치킨 토핑이 두배!,"['[이데일리 EFN 강동완기자] 한국 피자헛(유)(대표 이승일, www.pizzahut.co.kr)은 25일부터 신 메뉴 ‘더블 치킨 피자’를 전국 매장에서 판매한다.\n\n피자헛에서 새롭게 개발한 담백하고 쫄깃한 핸드메이드 도우 위에 국내산 참나무로 훈연한 닭 가슴살을 기존 피자헛의 치킨 토핑류 피자 대비 2배 이상 풍성하게 얹은 더블치킨피자이다.\n\n\n이와관련해 3개월 동안 20% 할인된 가격인 라지 사이즈 19,900원, 미디움 사이즈 16,900원으로 판매한다.\n\n‘더블 치킨 피자’는 최근 웰빙 열풍으로 큰 인기를 얻고 있는 닭가슴살을 텀블링 공정을 통해 퍽퍽하지 않고 부드럽고 쫄깃하게 가공했으며, 손으로 찢은 듯한 느낌으로 새롭게 개발한 특제 소스, ‘텍스-멕스(Tex-Mex)’ 소스가 잘 배여 들도록 했다.\n\n이외에도 ‘더블 치킨 피자’ 출시기념 피자헛은 홈페이지에서 네티즌들을 대상으로 한 ‘더블 이벤트’를 실시한다.\n \n더블 치킨 피자 시식 후기를 자신의 블로그에 올리고 블로그 주소를 피자헛 이벤트 페이지에 덧글로 남기면, 선착순 200명을 선정해 더블 치킨 피자를 한 번 더 맛볼 수 있는 시식권을 제공한다.\n\n또한, 숫자 2가 들어가는 날짜를 ‘더블 데이’로 지정하여, 해당일에 더블 치킨 피자를 주문하는 고객들에게 G마켓 및 Yes24 할인 쿠폰 등의 경품을 두 배로 증정하는 ‘더블 데이 이벤트’를 진행한다.\n\n[ ⓒ 프랜차이즈 창업 체인 가맹 사업 네트워크 "" 이데일리 EFN "" ]']"
21,2013-07-22,"안전보건공단, 서비스업 재해감소에 적극 나서","['[이데일리 이순용 기자]안전보건공단(백헌기 이사장)이 5대 서비스업종의 ‘넘어짐’ 재해를 중심으로 집중적인 재해감소 활동에 나선다. 공단이 재해예방을 집중하는 업종은 건물관리업, 음식업, 운수창고통신업, 보건사회복지업, 도소매업이다.\n\n백헌기 안전보건공단 이사장(왼쪽 5번째)이 프랜차이즈업.업무협약을 체결한후 업체 관계자들과 기념 촬영을 했다.(보건안전공단 제공)\n이들 업종은 지난해 같은 기간에 비해 재해자가 증가한 업종으로, 올해 5월까지 건물관리업에서는 505명이, 음식업에서는 436명, 운수창고통신업에서 256명, 보건사회복지업 245명, 도소매업에서 191명이 각각 증가한 것으로 나타났다.\n\n특히 재해발생 형태별로는 ‘넘어짐’ 재해가 가장 빈번하게 발생하고 있는 것으로 조사되었다. 이에 따라, 공단은 현장기술지원 등을 통해 서비스업의 업무상 재해발생을 감소시켜 나간다는 방침이다.\n\n현장기술지원은 5대 업종의 재해 다발사업장이나 고위험 사업장을 대상으로 특별교육을 실시하는 한편, 최근 3년간 3건 이상 재해발생 사업장에는 재해발생 심각성 공유 및 재해예방활동에 경영진 관심을 촉구하는 등의 활동을 전개할 계획이다.\n\n한편 공단은 재해예방 집중 업종 중 음식업 재해예방을 위해 지난 18일 서울 양재동 소재 엘타워에서 프랜차이즈업 7개 대표기업과 업무협약을 체결했다.\n\n협약을 체결한 업체는 (주)롯데리아, (주)제너시스비비큐, 한국도미노피자(주), 한국맥도날드(유), 한국피자헛(유), CJ푸드빌(주), MPK그룹 등 7개 기업과 ‘프랜차이즈업 산업재해예방을 위한 업무협약‘을 맺고 재해예방 활동에 들어갔다.\n\n업무협약에 따라, 공단과 7개 프랜차이즈 기업은 △ 본사 및 가맹점의 안전보건시스템 구축 지원, △ 안전배달 가이드 제공, △ 작업환경 시설개선 자금지원, △ 프랜차이즈업 종사자의 안전보건을 위한 ‘안전서약 운동’등을 실시하게 된다.']"
22,2009-06-02,"신나는 난타공연 보고, 맛있는 피자도 먹고","['[이데일리 EFN 강동완기자] 한국 피자헛(유)(대표 이승일, www.pizzahut.co.kr)은 5월 마지막 주, 강동구에 위치한 사회복지법인 경생원에서 피자 조리가 가능한 ‘사랑 나누기’ 차량을 이용해 원생들과 강동 지역 결식 아동들에게 피자파티를 열었다.\n\n\n난타 공연팀을 초청해 난타 하이라이트 공연을 진행하며 문화체험의 기회를 동시에 제공했다.\n\n사회복지법인 경생원(원장 정동숙)은 50여명의 아동과 청소년들이 생활하고 있는 보금자리로, 1951년 한국 전쟁 당시 전쟁 고아들과 노인들을 돌보기 위해 설립되었으며, 현재는 2개 동 숙소와 휴게 시설, 운동장을 갖춘 아동복지시설로 거듭나고 있다.\n\n어린이들을 위한 난타 하이라이트 공연과 피자 파티를 준비한 한국 피자헛 인사지원센터의 황영미 이사는 “가정의 달 5월이 끝나가는 시점에서 소외 아동을 위한 행사를 기획하게 됐다.""라며 “꾸준한 사랑 나누기 활동을 통해 결식 아동들에게 희망과 사랑을 전달할 수 있는 활동에 힘쓰겠다”고 밝혔다.\n\n\n \n \n \n[ ⓒ 프랜차이즈 창업 체인 가맹 사업 네트워크 "" 이데일리 EFN ""]']"
23,2009-09-10,바삭한 통새우와 달콤한 코코넛의 만남,"['[이데일리 EFN 강동완기자] “통새우가 바사삭! 코코넛이 솔솔~”\n\n피자 패스트푸드 프랜차이즈 전문기업인 한국 피자헛(유)(대표 이승일, www.pizzahut.co.kr)은 새우와 달콤한 코코넛으로 입안 가득 가을을 느낄 수 있는 ‘코코넛 쉬림프 피자’를 출시, 전국 매장에서 판매한다.\n\n코코넛 쉬림프 피자는 영양가 높은 통새우를 주 재료로 사용하였으며, 총 열 여덟 마리의 통새우에 달콤한 코코넛 가루를 입힌 뒤 오븐에서 구워내 한층 더 바삭한 식감을 자랑한다.\n\n또한 손으로 직접 두드리고 펴서 만들어 더욱 쫄깃한 맛의 핸드메이드 도우 위에 통새우와 잘 어울리는 고소한 베이컨과 포테이토를 각종 야채, 천연 치즈와 함께 얹어 입안 가득 풍성한 토핑을 느낄 수 있다.\n\n코코넛 쉬림프 피자는 출시를 기념해 피자와 샐러드 그리고 음료를 세트로 구매할 경우 최대 9,400원까지 할인된 가격으로도 즐길 수 있다.\n\n또한 출시를 기념한 다양한 이벤트도 마련되어 있다.\n\n피자헛 홈페이지 회원이라면 누구나 참여할 수 있는 ‘세이 치즈! (Say Cheese!) UCC 이벤트’ 는 재미있고 감동적인 사연을 선정하여 코코넛 쉬림프 피자를 직접 만들어보고 선물할 수 있는 기회를 제공한다.\n\n또한 이 모든 과정을 동영상으로 제작하여 고객들에게 잊지 못할 추억을 선물할 예정이다.\n\n뿐만 아니라 온라인 퀴즈 이벤트 당첨자에게는 도서 상품권, 영화 시사회 관람권 등을 제공하고, 코코넛 쉬림프 피자를 다섯 글자로 표현하는 ‘5글자 광고 아이디어 경연’을 통해 피자 무료 시식권을 제공하는 등 푸짐한 경품 행사를 실시할 계획이다.\n\n[ ⓒ 프랜차이즈 창업 체인 가맹 사업 네트워크 "" 이데일리 EFN ""]']"
24,2011-05-11,"공정위, 간담회 통해 프랜차이즈 가맹사업 관련 업계 목소리 듣겠다","['공정거래위원회(위원장 김동수)는 외식업종 가맹분야 관련 공정거래를 위한 공감대 형성키 위한 프랜차이즈 가맹본부 CEO 간담회를 개최한다.\n\n오는 11일과 18일 2회에 걸쳐 진행되는 간담회와 관련해 공정위는 가맹시장에서의 건전한 거래질서 및 문화를 구축하는데 있어 프랜차이즈 시장에 주도적인 역할을 하고 있는 가맹본부의 CEO의 역할이 중요해 이같은 간담회를 개최한다고 밝혔다.\n\n이와관련해 프랜차이즈 업계 한 관계자는 ""이번 간담회에 참여하는 업체들의 면목을 볼때 대기업과 프랜차이즈 시장에서 주도적인 역할을 하는 가맹본부들의 CEO가 참여해 \'가맹사업법(가맹사업공정화에관한법률)상의 가맹본부의 불합리한 조항등이 이야기 되기를 바란다.""고 말했다.\n\n또 이 관계자는 ""다만 간담회 관련, 유관단체들의 참여가 배제된 상태에서 CEO중심의 간담회는 업계 전체 목소리로 보기 힘들수 있다.""라며 ""간담회에서 가맹사업과 관련한 다양한 목소리가 나오길 바란다.""고 덧붙였다.\n\n11일(수) 1차 간담회 참석자 명단\n▲ (주)롯데제과 (나뚜루)▲ 비알코리아(주) (베스킨라빈스) ▲ (주)샤니 (르뽀미에) ▲ (주)파리크라상(파리바게뜨) ▲ CJ푸드빌(주) (뚜레쥬르) ▲ (주)크라운베이커리 (크라운베이커리)▲ (주)제너시스 (비비큐)▲ 교촌에프엔비(주) (교촌치킨) ▲ (주)GN FOOD (굽네치킨) ▲ (주)농협목우촌 (바베큐마을) ▲ 한강씨엠(주) (디디치킨)\n\n18일(수) 1차 간담회 참석자 명단\n▲ (주)이랜드월드 (더까페) ▲ (주)동원홈푸드 (샌드프레소) ▲ 동원산업(주) (동원참치) ▲ 사조씨에스(주) (사조회참치) ▲ (주)롯데리아 (롯데리아) ▲ 한국피자헛(유) (피자헛) ▲ (주)미스터피자(\n미스터피자) ▲ 한국도미노피자(주) (도미노피자) ▲ 본아이에프(주) (본죽) ▲ (주)놀부 (놀부보쌈과돌솥밥) ▲ 원앤원(주) (원할머니보쌈)']"
25,2008-09-08,"공정위, 정보공개서 추가등록 8월31일기준 발표","['[이데일리 EFN 강동완기자] 공정위 가맹유통과가 지난 8월31일기준으로 175개 브랜드 추가등록명단을 발표했다.\n\n지난 8월4일 366개, 8월14일 161개 이후 3차 발표명단이다.\n이로인해서 최종 2008년 8월 31일 현재 702개 브랜드의 정보공개서가 등록됐다.\n\n순서/상호명/브랜드명/등록번호/접수일자/등록일/담당기관\n1/(주)다인스/주니어준코/20080100316/20080725/20080818/본부\n2/(주)다인스/준코노래타운/20080100317/20080725/20080818/본부\n3/(주)다인스/준코레카소/20080100318/20080725/20080818/본부\n4/㈜이원건강의료기/이원건강의료기/20080100319/20080724/20080818/본부\n5/한국창업경제연구소/짬장정육상회/20080100320/20080717/20080818/본부\n6/㈜엘케이푸드피아/조치조치/20080100321/20080718/20080818/본부\n7/㈜엘케이푸드피아/치킨조치HOF/20080100322/20080718/20080818/본부\n8/㈜엘케이푸드피아/쌈샤브조치/20080100323/20080718/20080818/본부\n9/(주)제이비에스디/LA북창동순두부/20080100324/20080716/20080818/본부\n10/(주)맛조은/코만도kommando/20080100325/20080715/20080818/본부\n11/(주)나무그늘과사람들/나무그늘/20080100326/20080707/20080818/본부\n12/(주)대호가/삼삼국밥과비빔밥/20080100327/20080711/20080818/본부\n13/(주)대호가/죽이야기/20080100328/20080711/20080818/본부\n14/(주)한솔교육/브레인스쿨/20080100329/20080707/20080818/본부\n15/(주)한솔교육/쥬니어랩스쿨/20080100330/20080707/20080818/본부\n16/(주)오엠아이컨설팅/빈스 피자&치킨/20080100331/20080707/20080818/본부\n17/(주)참살이식품/오성돈/20080100332/20080804/20080822/본부\n18/(주)참살이식품/참살이/20080100333/20080804/20080822/본부\n19/(주)참살이식품/명품갈비/20080100334/20080804/20080822/본부\n20/(주)마인드스틸/훔친갈비/20080100335/20080804/20080822/본부\n21/이진시스템/부비부비/20080100336/20080804/20080822/본부\n22/(주)꼬레뱅/보나베띠/20080100337/20080731/20080822/본부\n23/피에이치케이(주)/포호아/20080100338/20080731/20080822/본부\n24/(주)메가스플레이온/리틀제이콥스/20080100339/20080728/20080822/본부\n25/(주)위드로/위드로 어르신이 행복한 세상/20080100340/20080730/20080822/본부\n26/찜나라 주식회사/찜나라/20080100341/20080725/20080822/본부\n27/주식회사 피자빙고/피자빙고/20080100342/20080725/20080822/본부\n28/대화옥코포레이션/대화옥야끼니꾸/20080100343/20080725/20080822/본부\n29/수산업협동조합중앙회/별해별미/20080100344/20080723/20080822/본부\n30/(주)대교/지캠프/20080100345/20080723/20080822/본부\n31/㈜피엔제이/박준뷰티랩/20080100346/20080722/20080822/본부\n32/차일드케어인터내셔날(주)/소-야미/20080100347/20080716/20080822/본부\n33/㈜콜드웰뱅커코리아/콜드웰뱅커/20080100348/20080716/20080822/본부\n34/(주)미래원에프앤씨/오징어와친구들/20080100349/20080711/20080822/본부\n35/㈜라온에프에스/롤큰롤/20080100350/20080708/20080822/본부\n36/주식회사 아윌패스/아윌패스SRS영재스쿨/20080100351/20080702/20080822/본부\n37/(주)숲과 나무/쏘쌩크/20080100352/20080627/20080822/본부\n38/(주)숲과 나무/구어스/20080100353/20080627/20080822/본부\n39/(주)노개명수학/노개명수학/20080100354/20080625/20080822/본부\n40/(주)아이쉔픽스/아이쉔픽스/20080100355/20080625/20080822/본부\n41/(주)에프앤디파트너/와라와라/20080100356/20080801/20080822/본부\n42/(주)첨성대/옛날농장/20080100357/20080804/20080826/본부\n43/조은 F&C/오꼬만/20080100358/20080804/20080826/본부\n44/(주)삼성출판사/삼성영어교실/20080100359/20080804/20080826/본부\n45/(주)삼성출판사/삼성유니스쿨/20080100360/20080804/20080826/본부\n46/조리쿡미트/못된 송아지 5500 소갈비살/20080100361/20080804/20080826/본부\n47/(주)디지털대성/하우투잉글리쉬/20080100362/20080801/20080826/본부\n48/(주)디지털대성/대성초등제넥스/20080100363/20080801/20080826/본부\n49/지앤비영어전문교육 주식회사/GnB영어전문학원/20080100364/20080731/20080826/본부\n50/㈜쥬얼리아/쥬얼리아/20080100365/20080729/20080826/본부\n51/리치푸드(주)/짚동가리쌩주/20080100366/20080725/20080826/본부\n52/(주)미술재미/미술재미/20080100367/20080725/20080826/본부\n53/(주)팀스푸드시스템/아와비/20080100368/20080725/20080826/본부\n54/㈜박정어학원/BO2ENGLISH/20080100369/20080725/20080826/본부\n55/㈜박정어학원/Edi박정어학원/20080100370/20080725/20080826/본부\n56/(주)엘에프푸드/하코야/20080100371/20080725/20080826/본부\n57/(주)이수푸드빌/하이트 비어 플러스/20080100372/20080724/20080826/본부\n58/㈜탐앤탐스/탐앤탐스 커피/20080100373/20080723/20080826/본부\n59/(주)엔컴플러스/고스트캐슬/20080100374/20080723/20080826/본부\n60/(주)미스터 피자/미스터피자/20080100375/20080723/20080826/본부\n61/에프알푸드시스템㈜/떡삼시대/20080100376/20080723/20080826/본부\n62/소스비즈인큐베이팅/오송갈비/20080100377/20080723/20080826/본부\n63/㈜라이스볼/Beer Factory/20080100378/20080721/20080826/본부\n64/NH프랜차이즈㈜/계경목장/20080100379/20080721/20080826/본부\n65/NH프랜차이즈㈜/투삼겹/20080100380/20080721/20080826/본부\n66/㈜에듀플렉스 에듀케이션/에듀플렉스/20080100381/20080721/20080826/본부\n67/㈜엔컴플러스/스테키스테이크/20080100382/20080718/20080826/본부\n68/(주)금강보청기디지털/금강디지털보청기/20080100383/20080723/20080826/본부\n69/주식회사 브릿지북스코리아/이스턴영어/20080100384/20080625/20080826/본부\n70/엔젤홈케어(주)/엔젤홈케어/20080100385/20080627/20080826/본부\n71/(주)비세븐프랜차이즈/B7아이스크림/20080100386/20080627/20080826/본부\n72/소스비즈인큐베이팅/오송쭈꾸미아구찜/20080100387/20080626/20080826/본부\n73/소스비즈인큐베이팅/장비왕냉면/20080100388/20080702/20080826/본부\n74/소스비즈인큐베이팅/오송냉면/20080100389/20080702/20080826/본부\n75/소스비즈인큐베이팅/정읍산외한우마을/20080100390/20080626/20080826/본부\n76/(주)디지털대성/대성N스쿨/20080100391/20080807/20080829/본부\n77/(주)행복에프씨/허준본가/20080100392/20080807/20080829/본부\n78/(주)원우푸드/치킨뱅이/20080100393/20080807/20080829/본부\n79/(주)프로랭스/차일드유.CLO/20080100394/20080801/20080829/본부\n80/바바라/바바라/20080100395/20080801/20080829/본부\n81/종로빈대떡 분점사업부/종로빈대떡/20080100396/20080801/20080829/본부\n82/한국피자헛(유)/피자헛/20080100397/20080801/20080829/본부\n83/(주)파라로티코리아/파파로티/20080100398/20080801/20080829/본부\n84/H & P Systems/the frypan fried chicken/20080100399/20080731/20080829/본부\n85/한국타이어/티스테이션/20080100400/20080728/20080829/본부\n86/현인에프앤디/치킨아리아/20080100401/20080729/20080829/본부\n87/(주)푸른마을/민속두부마을과 돌솥밥/20080100402/20080728/20080829/본부\n88/(주)푸른마을/두란/20080100403/20080728/20080829/본부\n89/(주)푸른마을/옹고집/20080100404/20080728/20080829/본부\n90/(주)푸른마을/풀잎채 한상/20080100405/20080728/20080829/본부\n91/주식회사 스타키코리아/스타키보청기/20080100406/20080725/20080829/본부\n92/㈜동원홈푸드/샌드프레소/20080100407/20080724/20080829/본부\n93/주식회사 리딩월드/리딩타운어학원/20080100408/20080723/20080829/본부\n94/홈치킨/홈치킨/20080100409/20080730/20080829/본부\n95/㈜포디랜드/4D프레임/20080100410/20080721/20080829/본부\n96/(주)뎃시아가족/폭풍열차/20080100411/20080718/20080829/본부\n97/(주)D.S Food/피자와 치킨의 러브레터/20080100412/20080714/20080829/본부\n98/(주)탑산식품/씨앤락/20080200119/20080728/20080820/서울\n99/(주)한국일오삼농산/처갓집플러스 케이준치킨/20080200120/20080728/20080820/서울\n100/참푸드시스템/다찌와꼬지/20080200121/20080801/20080820/서울\n101/(주)자연의모든것/총각네 야채가게/20080200122/20080801/20080820/서울\n102/낙원인더스트리(주)/스시990/20080200123/20080804/20080820/서울\n103/(주)에스케이푸드시스템/오니/20080200124/20080804/20080820/서울\n104/(주)웰스에프앤비/까스웰/20080200125/20080804/20080820/서울\n105/만두빚는사람들/만두빚는사람들/20080200126/20080808/20080820/서울\n106/(주)기현푸드/일품 신토오리/20080200127/20080801/20080820/서울\n107/거창/굽는치킨/20080200128/20080801/20080820/서울\n108/(주)신토마을/신토마을/20080200129/20080806/20080820/서울\n109/(주)포스디지에프/요기꺼리/20080200130/20080801/20080820/서울\n110/(주)브랜드/사인어라마/20080200131/20080731/20080820/서울\n111/한강씨엠(주)디디치킨사업부/DD치킨/20080200132/20080731/20080820/서울\n112/(주)미당/남원골 미당추어탕/20080200133/20080730/20080820/서울\n113/(주)진진푸드시스템/구어조은닭/20080200134/20080725/20080820/서울\n114/(주)채널티비/아이젝스(IXEX)/20080200135/20080725/20080820/서울\n115/(주)캔모아/앨리스티/20080200136/20080725/20080820/서울\n116/마포구이촌 체인사업본부/마포구이촌/20080200137/20080723/20080820/서울\n117/(주)천상천하/통바리어시장/20080200138/20080718/20080820/서울\n118/(주)천상천하/탁사발/20080200139/20080718/20080820/서울\n119/(주)크린토피아/크린토피아/20080200140/20080716/20080820/서울\n120/(주)영재사관/수학영재만들기/20080200141/20080716/20080820/서울\n121/(주)영재사관/영재사관학원/20080200142/20080716/20080820/서울\n122/금정FnC/쭈삼쭈삼/20080200143/20080723/20080820/서울\n123/NISCIO/SNIPER/20080200144/20080723/20080820/서울\n124/(주)동성식품/지유켄/20080200145/20080722/20080820/서울\n125/(주)세진에프앤비/백수생복/20080200146/20080723/20080820/서울\n126/(주)위즈코리아/위즈아일랜드/20080200147/20080627/20080820/서울\n127/(주)용가마/용가마순대/20080200148/20080623/20080820/서울\n128/(주)지호/지호치킨플러스/20080200149/20080625/20080820/서울\n129/(주)지호/지호한방삼계탕/20080200150/20080625/20080820/서울\n130/지엔에쓰/운동화빠는날/20080200151/20080714/20080820/서울\n131/대영푸드시스템/명동보리밥/20080200152/20080626/20080820/서울\n132/(주)넥스프유통/와돈/20080200153/20080811/20080826/서울\n133/(주)넥스프유통/오돌돌이/20080200154/20080811/20080826/서울\n134/(주)넥스프유통/하프앤드/20080200155/20080811/20080826/서울\n135/행복한세상/돈주몽강남부대찌개소고기샤브버섯샤브돈주몽인/20080200156/20080808/20080826/서울\n136/(주)넥스프유통/우쌈/20080200157/20080811/20080826/서울\n137/추사랑/추담골남원추어탕/20080200158/20080808/20080826/서울\n138/(주)대대에프씨/바비큐보스/20080200159/20080808/20080826/서울\n139/정우푸드(주)/함초양념갈비/20080200160/20080808/20080826/서울\n140/(주)에스에스푸드/소가조아/20080200161/20080801/20080826/서울\n141/(주)블록피아코리아/블록피아/20080200162/20080728/20080826/서울\n142/(주)아우내종합상사/아우내장터순대/20080200163/20080702/20080826/서울\n143/인프라/잉카바베큐/20080200164/20080814/20080829/서울\n144/(주)대장에프씨/굴사냥/20080200165/20080814/20080829/서울\n145/(주)제이엣인터푸드/꼬챙이/20080200166/20080811/20080829/서울\n146/(주)짚터 푸드빌/짚터/20080200167/20080811/20080829/서울\n147/제이엔쿡유통/꼬치필때/20080200168/20080811/20080829/서울\n148/어도수산/어도해물요리,어도맛끼도시락/20080200169/20080814/20080829/서울\n149/(주)굿체인/한국교자/20080200170/20080804/20080829/서울\n150/(주)크린에이드/크린에이드/20080200171/20080801/20080829/서울\n151/(주)현대외식/돈돈촌/20080200172/20080731/20080829/서울\n152/(주)현대외식/고향솥단지삼겹살/20080200173/20080731/20080829/서울\n153/소망화장품주식회사/beautycredit/20080200174/20080818/20080829/서울\n154/캠토토스트/캠토토스트/20080500032/20080812/20080818/대전\n155/(주)알에스티푸드/주원명가/20080500033/20080820/20080825/대전\n156/(주)오스코 에프앤에프/낭띠타운/20080500034/20080819/20080825/대전\n157/(주)페리카나/페리카나/20080500035/20080825/20080826/대전\n158/(주)디즈/가르텐비어/20080500036/20080806/20080826/대전\n159/(주)생생교육/심스잉글리쉬/20080500037/20080826/20080829/대전\n160/복덩어리 F/S/복덩어리/20080500038/20080821/20080829/대전\n161/케이비엘푸드시스템(주)/불돈생돈/20080500039/20080819/20080829/대전\n162/(주)청지기/청지기 아구 참 꽃게/20080500040/20080807/20080829/대전\n163/(주)지앤케이/PIZZA2001/20080500041/20080723/20080829/대전\n164/(주)하늘연푸드/화로불속 옛날막창/20080500042/20080721/20080829/대전\n165/변산칼국수쭈꾸미/신춘식변산칼국수쭈꾸미/20080600019/20080717/20080821/대구\n166/성남수산/양포생아구탕/20080600020/20080630/20080821/대구\n167/올진푸드/에디슨DHA치킨/20080600021/20080724/20080829/대구\n168/짱카퍼펙트/짱카퍼펙트/20080600022/20080722/20080829/대구\n\n\n▶ 관련기사 ◀\n☞정보공개서 2차 추가명단 161개, 8월14일 기준\n☞공정위, 가맹본부 정보공개서 추가등록 161개 브랜드 발표\n☞정보공개서 미동록업체와 프랜차이즈 창업 주의필요\n☞공정위, 정보공개서 1차 등록업체 366개 발표\n☞정보공개서 등록업체, 366개 브랜드 발표 (지방181개) (2)\n☞정보공개서 등록업체, 366개 브랜드 발표 (서울 185개) (1)']"
26,2009-06-02,"신나는 난타공연 보고, 맛있는 피자도 먹고","['[이데일리 EFN 강동완기자] 한국 피자헛(유)(대표 이승일, www.pizzahut.co.kr)은 5월 마지막 주, 강동구에 위치한 사회복지법인 경생원에서 피자 조리가 가능한 ‘사랑 나누기’ 차량을 이용해 원생들과 강동 지역 결식 아동들에게 피자파티를 열었다.\n\n\n난타 공연팀을 초청해 난타 하이라이트 공연을 진행하며 문화체험의 기회를 동시에 제공했다.\n\n사회복지법인 경생원(원장 정동숙)은 50여명의 아동과 청소년들이 생활하고 있는 보금자리로, 1951년 한국 전쟁 당시 전쟁 고아들과 노인들을 돌보기 위해 설립되었으며, 현재는 2개 동 숙소와 휴게 시설, 운동장을 갖춘 아동복지시설로 거듭나고 있다.\n\n어린이들을 위한 난타 하이라이트 공연과 피자 파티를 준비한 한국 피자헛 인사지원센터의 황영미 이사는 “가정의 달 5월이 끝나가는 시점에서 소외 아동을 위한 행사를 기획하게 됐다.""라며 “꾸준한 사랑 나누기 활동을 통해 결식 아동들에게 희망과 사랑을 전달할 수 있는 활동에 힘쓰겠다”고 밝혔다.\n\n\n \n \n \n[ ⓒ 프랜차이즈 창업 체인 가맹 사업 네트워크 "" 이데일리 EFN ""]']"
27,2009-09-10,바삭한 통새우와 달콤한 코코넛의 만남,"['[이데일리 EFN 강동완기자] “통새우가 바사삭! 코코넛이 솔솔~”\n\n피자 패스트푸드 프랜차이즈 전문기업인 한국 피자헛(유)(대표 이승일, www.pizzahut.co.kr)은 새우와 달콤한 코코넛으로 입안 가득 가을을 느낄 수 있는 ‘코코넛 쉬림프 피자’를 출시, 전국 매장에서 판매한다.\n\n코코넛 쉬림프 피자는 영양가 높은 통새우를 주 재료로 사용하였으며, 총 열 여덟 마리의 통새우에 달콤한 코코넛 가루를 입힌 뒤 오븐에서 구워내 한층 더 바삭한 식감을 자랑한다.\n\n또한 손으로 직접 두드리고 펴서 만들어 더욱 쫄깃한 맛의 핸드메이드 도우 위에 통새우와 잘 어울리는 고소한 베이컨과 포테이토를 각종 야채, 천연 치즈와 함께 얹어 입안 가득 풍성한 토핑을 느낄 수 있다.\n\n코코넛 쉬림프 피자는 출시를 기념해 피자와 샐러드 그리고 음료를 세트로 구매할 경우 최대 9,400원까지 할인된 가격으로도 즐길 수 있다.\n\n또한 출시를 기념한 다양한 이벤트도 마련되어 있다.\n\n피자헛 홈페이지 회원이라면 누구나 참여할 수 있는 ‘세이 치즈! (Say Cheese!) UCC 이벤트’ 는 재미있고 감동적인 사연을 선정하여 코코넛 쉬림프 피자를 직접 만들어보고 선물할 수 있는 기회를 제공한다.\n\n또한 이 모든 과정을 동영상으로 제작하여 고객들에게 잊지 못할 추억을 선물할 예정이다.\n\n뿐만 아니라 온라인 퀴즈 이벤트 당첨자에게는 도서 상품권, 영화 시사회 관람권 등을 제공하고, 코코넛 쉬림프 피자를 다섯 글자로 표현하는 ‘5글자 광고 아이디어 경연’을 통해 피자 무료 시식권을 제공하는 등 푸짐한 경품 행사를 실시할 계획이다.\n\n[ ⓒ 프랜차이즈 창업 체인 가맹 사업 네트워크 "" 이데일리 EFN ""]']"
28,2011-05-11,"공정위, 간담회 통해 프랜차이즈 가맹사업 관련 업계 목소리 듣겠다","['공정거래위원회(위원장 김동수)는 외식업종 가맹분야 관련 공정거래를 위한 공감대 형성키 위한 프랜차이즈 가맹본부 CEO 간담회를 개최한다.\n\n오는 11일과 18일 2회에 걸쳐 진행되는 간담회와 관련해 공정위는 가맹시장에서의 건전한 거래질서 및 문화를 구축하는데 있어 프랜차이즈 시장에 주도적인 역할을 하고 있는 가맹본부의 CEO의 역할이 중요해 이같은 간담회를 개최한다고 밝혔다.\n\n이와관련해 프랜차이즈 업계 한 관계자는 ""이번 간담회에 참여하는 업체들의 면목을 볼때 대기업과 프랜차이즈 시장에서 주도적인 역할을 하는 가맹본부들의 CEO가 참여해 \'가맹사업법(가맹사업공정화에관한법률)상의 가맹본부의 불합리한 조항등이 이야기 되기를 바란다.""고 말했다.\n\n또 이 관계자는 ""다만 간담회 관련, 유관단체들의 참여가 배제된 상태에서 CEO중심의 간담회는 업계 전체 목소리로 보기 힘들수 있다.""라며 ""간담회에서 가맹사업과 관련한 다양한 목소리가 나오길 바란다.""고 덧붙였다.\n\n11일(수) 1차 간담회 참석자 명단\n▲ (주)롯데제과 (나뚜루)▲ 비알코리아(주) (베스킨라빈스) ▲ (주)샤니 (르뽀미에) ▲ (주)파리크라상(파리바게뜨) ▲ CJ푸드빌(주) (뚜레쥬르) ▲ (주)크라운베이커리 (크라운베이커리)▲ (주)제너시스 (비비큐)▲ 교촌에프엔비(주) (교촌치킨) ▲ (주)GN FOOD (굽네치킨) ▲ (주)농협목우촌 (바베큐마을) ▲ 한강씨엠(주) (디디치킨)\n\n18일(수) 1차 간담회 참석자 명단\n▲ (주)이랜드월드 (더까페) ▲ (주)동원홈푸드 (샌드프레소) ▲ 동원산업(주) (동원참치) ▲ 사조씨에스(주) (사조회참치) ▲ (주)롯데리아 (롯데리아) ▲ 한국피자헛(유) (피자헛) ▲ (주)미스터피자(\n미스터피자) ▲ 한국도미노피자(주) (도미노피자) ▲ 본아이에프(주) (본죽) ▲ (주)놀부 (놀부보쌈과돌솥밥) ▲ 원앤원(주) (원할머니보쌈)']"
29,2008-09-08,"공정위, 정보공개서 추가등록 8월31일기준 발표","['[이데일리 EFN 강동완기자] 공정위 가맹유통과가 지난 8월31일기준으로 175개 브랜드 추가등록명단을 발표했다.\n\n지난 8월4일 366개, 8월14일 161개 이후 3차 발표명단이다.\n이로인해서 최종 2008년 8월 31일 현재 702개 브랜드의 정보공개서가 등록됐다.\n\n순서/상호명/브랜드명/등록번호/접수일자/등록일/담당기관\n1/(주)다인스/주니어준코/20080100316/20080725/20080818/본부\n2/(주)다인스/준코노래타운/20080100317/20080725/20080818/본부\n3/(주)다인스/준코레카소/20080100318/20080725/20080818/본부\n4/㈜이원건강의료기/이원건강의료기/20080100319/20080724/20080818/본부\n5/한국창업경제연구소/짬장정육상회/20080100320/20080717/20080818/본부\n6/㈜엘케이푸드피아/조치조치/20080100321/20080718/20080818/본부\n7/㈜엘케이푸드피아/치킨조치HOF/20080100322/20080718/20080818/본부\n8/㈜엘케이푸드피아/쌈샤브조치/20080100323/20080718/20080818/본부\n9/(주)제이비에스디/LA북창동순두부/20080100324/20080716/20080818/본부\n10/(주)맛조은/코만도kommando/20080100325/20080715/20080818/본부\n11/(주)나무그늘과사람들/나무그늘/20080100326/20080707/20080818/본부\n12/(주)대호가/삼삼국밥과비빔밥/20080100327/20080711/20080818/본부\n13/(주)대호가/죽이야기/20080100328/20080711/20080818/본부\n14/(주)한솔교육/브레인스쿨/20080100329/20080707/20080818/본부\n15/(주)한솔교육/쥬니어랩스쿨/20080100330/20080707/20080818/본부\n16/(주)오엠아이컨설팅/빈스 피자&치킨/20080100331/20080707/20080818/본부\n17/(주)참살이식품/오성돈/20080100332/20080804/20080822/본부\n18/(주)참살이식품/참살이/20080100333/20080804/20080822/본부\n19/(주)참살이식품/명품갈비/20080100334/20080804/20080822/본부\n20/(주)마인드스틸/훔친갈비/20080100335/20080804/20080822/본부\n21/이진시스템/부비부비/20080100336/20080804/20080822/본부\n22/(주)꼬레뱅/보나베띠/20080100337/20080731/20080822/본부\n23/피에이치케이(주)/포호아/20080100338/20080731/20080822/본부\n24/(주)메가스플레이온/리틀제이콥스/20080100339/20080728/20080822/본부\n25/(주)위드로/위드로 어르신이 행복한 세상/20080100340/20080730/20080822/본부\n26/찜나라 주식회사/찜나라/20080100341/20080725/20080822/본부\n27/주식회사 피자빙고/피자빙고/20080100342/20080725/20080822/본부\n28/대화옥코포레이션/대화옥야끼니꾸/20080100343/20080725/20080822/본부\n29/수산업협동조합중앙회/별해별미/20080100344/20080723/20080822/본부\n30/(주)대교/지캠프/20080100345/20080723/20080822/본부\n31/㈜피엔제이/박준뷰티랩/20080100346/20080722/20080822/본부\n32/차일드케어인터내셔날(주)/소-야미/20080100347/20080716/20080822/본부\n33/㈜콜드웰뱅커코리아/콜드웰뱅커/20080100348/20080716/20080822/본부\n34/(주)미래원에프앤씨/오징어와친구들/20080100349/20080711/20080822/본부\n35/㈜라온에프에스/롤큰롤/20080100350/20080708/20080822/본부\n36/주식회사 아윌패스/아윌패스SRS영재스쿨/20080100351/20080702/20080822/본부\n37/(주)숲과 나무/쏘쌩크/20080100352/20080627/20080822/본부\n38/(주)숲과 나무/구어스/20080100353/20080627/20080822/본부\n39/(주)노개명수학/노개명수학/20080100354/20080625/20080822/본부\n40/(주)아이쉔픽스/아이쉔픽스/20080100355/20080625/20080822/본부\n41/(주)에프앤디파트너/와라와라/20080100356/20080801/20080822/본부\n42/(주)첨성대/옛날농장/20080100357/20080804/20080826/본부\n43/조은 F&C/오꼬만/20080100358/20080804/20080826/본부\n44/(주)삼성출판사/삼성영어교실/20080100359/20080804/20080826/본부\n45/(주)삼성출판사/삼성유니스쿨/20080100360/20080804/20080826/본부\n46/조리쿡미트/못된 송아지 5500 소갈비살/20080100361/20080804/20080826/본부\n47/(주)디지털대성/하우투잉글리쉬/20080100362/20080801/20080826/본부\n48/(주)디지털대성/대성초등제넥스/20080100363/20080801/20080826/본부\n49/지앤비영어전문교육 주식회사/GnB영어전문학원/20080100364/20080731/20080826/본부\n50/㈜쥬얼리아/쥬얼리아/20080100365/20080729/20080826/본부\n51/리치푸드(주)/짚동가리쌩주/20080100366/20080725/20080826/본부\n52/(주)미술재미/미술재미/20080100367/20080725/20080826/본부\n53/(주)팀스푸드시스템/아와비/20080100368/20080725/20080826/본부\n54/㈜박정어학원/BO2ENGLISH/20080100369/20080725/20080826/본부\n55/㈜박정어학원/Edi박정어학원/20080100370/20080725/20080826/본부\n56/(주)엘에프푸드/하코야/20080100371/20080725/20080826/본부\n57/(주)이수푸드빌/하이트 비어 플러스/20080100372/20080724/20080826/본부\n58/㈜탐앤탐스/탐앤탐스 커피/20080100373/20080723/20080826/본부\n59/(주)엔컴플러스/고스트캐슬/20080100374/20080723/20080826/본부\n60/(주)미스터 피자/미스터피자/20080100375/20080723/20080826/본부\n61/에프알푸드시스템㈜/떡삼시대/20080100376/20080723/20080826/본부\n62/소스비즈인큐베이팅/오송갈비/20080100377/20080723/20080826/본부\n63/㈜라이스볼/Beer Factory/20080100378/20080721/20080826/본부\n64/NH프랜차이즈㈜/계경목장/20080100379/20080721/20080826/본부\n65/NH프랜차이즈㈜/투삼겹/20080100380/20080721/20080826/본부\n66/㈜에듀플렉스 에듀케이션/에듀플렉스/20080100381/20080721/20080826/본부\n67/㈜엔컴플러스/스테키스테이크/20080100382/20080718/20080826/본부\n68/(주)금강보청기디지털/금강디지털보청기/20080100383/20080723/20080826/본부\n69/주식회사 브릿지북스코리아/이스턴영어/20080100384/20080625/20080826/본부\n70/엔젤홈케어(주)/엔젤홈케어/20080100385/20080627/20080826/본부\n71/(주)비세븐프랜차이즈/B7아이스크림/20080100386/20080627/20080826/본부\n72/소스비즈인큐베이팅/오송쭈꾸미아구찜/20080100387/20080626/20080826/본부\n73/소스비즈인큐베이팅/장비왕냉면/20080100388/20080702/20080826/본부\n74/소스비즈인큐베이팅/오송냉면/20080100389/20080702/20080826/본부\n75/소스비즈인큐베이팅/정읍산외한우마을/20080100390/20080626/20080826/본부\n76/(주)디지털대성/대성N스쿨/20080100391/20080807/20080829/본부\n77/(주)행복에프씨/허준본가/20080100392/20080807/20080829/본부\n78/(주)원우푸드/치킨뱅이/20080100393/20080807/20080829/본부\n79/(주)프로랭스/차일드유.CLO/20080100394/20080801/20080829/본부\n80/바바라/바바라/20080100395/20080801/20080829/본부\n81/종로빈대떡 분점사업부/종로빈대떡/20080100396/20080801/20080829/본부\n82/한국피자헛(유)/피자헛/20080100397/20080801/20080829/본부\n83/(주)파라로티코리아/파파로티/20080100398/20080801/20080829/본부\n84/H & P Systems/the frypan fried chicken/20080100399/20080731/20080829/본부\n85/한국타이어/티스테이션/20080100400/20080728/20080829/본부\n86/현인에프앤디/치킨아리아/20080100401/20080729/20080829/본부\n87/(주)푸른마을/민속두부마을과 돌솥밥/20080100402/20080728/20080829/본부\n88/(주)푸른마을/두란/20080100403/20080728/20080829/본부\n89/(주)푸른마을/옹고집/20080100404/20080728/20080829/본부\n90/(주)푸른마을/풀잎채 한상/20080100405/20080728/20080829/본부\n91/주식회사 스타키코리아/스타키보청기/20080100406/20080725/20080829/본부\n92/㈜동원홈푸드/샌드프레소/20080100407/20080724/20080829/본부\n93/주식회사 리딩월드/리딩타운어학원/20080100408/20080723/20080829/본부\n94/홈치킨/홈치킨/20080100409/20080730/20080829/본부\n95/㈜포디랜드/4D프레임/20080100410/20080721/20080829/본부\n96/(주)뎃시아가족/폭풍열차/20080100411/20080718/20080829/본부\n97/(주)D.S Food/피자와 치킨의 러브레터/20080100412/20080714/20080829/본부\n98/(주)탑산식품/씨앤락/20080200119/20080728/20080820/서울\n99/(주)한국일오삼농산/처갓집플러스 케이준치킨/20080200120/20080728/20080820/서울\n100/참푸드시스템/다찌와꼬지/20080200121/20080801/20080820/서울\n101/(주)자연의모든것/총각네 야채가게/20080200122/20080801/20080820/서울\n102/낙원인더스트리(주)/스시990/20080200123/20080804/20080820/서울\n103/(주)에스케이푸드시스템/오니/20080200124/20080804/20080820/서울\n104/(주)웰스에프앤비/까스웰/20080200125/20080804/20080820/서울\n105/만두빚는사람들/만두빚는사람들/20080200126/20080808/20080820/서울\n106/(주)기현푸드/일품 신토오리/20080200127/20080801/20080820/서울\n107/거창/굽는치킨/20080200128/20080801/20080820/서울\n108/(주)신토마을/신토마을/20080200129/20080806/20080820/서울\n109/(주)포스디지에프/요기꺼리/20080200130/20080801/20080820/서울\n110/(주)브랜드/사인어라마/20080200131/20080731/20080820/서울\n111/한강씨엠(주)디디치킨사업부/DD치킨/20080200132/20080731/20080820/서울\n112/(주)미당/남원골 미당추어탕/20080200133/20080730/20080820/서울\n113/(주)진진푸드시스템/구어조은닭/20080200134/20080725/20080820/서울\n114/(주)채널티비/아이젝스(IXEX)/20080200135/20080725/20080820/서울\n115/(주)캔모아/앨리스티/20080200136/20080725/20080820/서울\n116/마포구이촌 체인사업본부/마포구이촌/20080200137/20080723/20080820/서울\n117/(주)천상천하/통바리어시장/20080200138/20080718/20080820/서울\n118/(주)천상천하/탁사발/20080200139/20080718/20080820/서울\n119/(주)크린토피아/크린토피아/20080200140/20080716/20080820/서울\n120/(주)영재사관/수학영재만들기/20080200141/20080716/20080820/서울\n121/(주)영재사관/영재사관학원/20080200142/20080716/20080820/서울\n122/금정FnC/쭈삼쭈삼/20080200143/20080723/20080820/서울\n123/NISCIO/SNIPER/20080200144/20080723/20080820/서울\n124/(주)동성식품/지유켄/20080200145/20080722/20080820/서울\n125/(주)세진에프앤비/백수생복/20080200146/20080723/20080820/서울\n126/(주)위즈코리아/위즈아일랜드/20080200147/20080627/20080820/서울\n127/(주)용가마/용가마순대/20080200148/20080623/20080820/서울\n128/(주)지호/지호치킨플러스/20080200149/20080625/20080820/서울\n129/(주)지호/지호한방삼계탕/20080200150/20080625/20080820/서울\n130/지엔에쓰/운동화빠는날/20080200151/20080714/20080820/서울\n131/대영푸드시스템/명동보리밥/20080200152/20080626/20080820/서울\n132/(주)넥스프유통/와돈/20080200153/20080811/20080826/서울\n133/(주)넥스프유통/오돌돌이/20080200154/20080811/20080826/서울\n134/(주)넥스프유통/하프앤드/20080200155/20080811/20080826/서울\n135/행복한세상/돈주몽강남부대찌개소고기샤브버섯샤브돈주몽인/20080200156/20080808/20080826/서울\n136/(주)넥스프유통/우쌈/20080200157/20080811/20080826/서울\n137/추사랑/추담골남원추어탕/20080200158/20080808/20080826/서울\n138/(주)대대에프씨/바비큐보스/20080200159/20080808/20080826/서울\n139/정우푸드(주)/함초양념갈비/20080200160/20080808/20080826/서울\n140/(주)에스에스푸드/소가조아/20080200161/20080801/20080826/서울\n141/(주)블록피아코리아/블록피아/20080200162/20080728/20080826/서울\n142/(주)아우내종합상사/아우내장터순대/20080200163/20080702/20080826/서울\n143/인프라/잉카바베큐/20080200164/20080814/20080829/서울\n144/(주)대장에프씨/굴사냥/20080200165/20080814/20080829/서울\n145/(주)제이엣인터푸드/꼬챙이/20080200166/20080811/20080829/서울\n146/(주)짚터 푸드빌/짚터/20080200167/20080811/20080829/서울\n147/제이엔쿡유통/꼬치필때/20080200168/20080811/20080829/서울\n148/어도수산/어도해물요리,어도맛끼도시락/20080200169/20080814/20080829/서울\n149/(주)굿체인/한국교자/20080200170/20080804/20080829/서울\n150/(주)크린에이드/크린에이드/20080200171/20080801/20080829/서울\n151/(주)현대외식/돈돈촌/20080200172/20080731/20080829/서울\n152/(주)현대외식/고향솥단지삼겹살/20080200173/20080731/20080829/서울\n153/소망화장품주식회사/beautycredit/20080200174/20080818/20080829/서울\n154/캠토토스트/캠토토스트/20080500032/20080812/20080818/대전\n155/(주)알에스티푸드/주원명가/20080500033/20080820/20080825/대전\n156/(주)오스코 에프앤에프/낭띠타운/20080500034/20080819/20080825/대전\n157/(주)페리카나/페리카나/20080500035/20080825/20080826/대전\n158/(주)디즈/가르텐비어/20080500036/20080806/20080826/대전\n159/(주)생생교육/심스잉글리쉬/20080500037/20080826/20080829/대전\n160/복덩어리 F/S/복덩어리/20080500038/20080821/20080829/대전\n161/케이비엘푸드시스템(주)/불돈생돈/20080500039/20080819/20080829/대전\n162/(주)청지기/청지기 아구 참 꽃게/20080500040/20080807/20080829/대전\n163/(주)지앤케이/PIZZA2001/20080500041/20080723/20080829/대전\n164/(주)하늘연푸드/화로불속 옛날막창/20080500042/20080721/20080829/대전\n165/변산칼국수쭈꾸미/신춘식변산칼국수쭈꾸미/20080600019/20080717/20080821/대구\n166/성남수산/양포생아구탕/20080600020/20080630/20080821/대구\n167/올진푸드/에디슨DHA치킨/20080600021/20080724/20080829/대구\n168/짱카퍼펙트/짱카퍼펙트/20080600022/20080722/20080829/대구\n\n\n▶ 관련기사 ◀\n☞정보공개서 2차 추가명단 161개, 8월14일 기준\n☞공정위, 가맹본부 정보공개서 추가등록 161개 브랜드 발표\n☞정보공개서 미동록업체와 프랜차이즈 창업 주의필요\n☞공정위, 정보공개서 1차 등록업체 366개 발표\n☞정보공개서 등록업체, 366개 브랜드 발표 (지방181개) (2)\n☞정보공개서 등록업체, 366개 브랜드 발표 (서울 185개) (1)']"
30,2011-10-16,"대기업 프랜차이즈 진출늘어.. 교육, 도소매, 음식점, 카페분야까지","['프랜차이즈 가맹사업의 정보공개서를 비교분석해 본 결과, 대기업의 프랜차이즈 전체 시장 매출점유율이 47%에 해당하는것으로 조사됐다.\n\n프랜차이즈 가이드가 공정위에 등록된 2011년 7월21일 기준으로, 전체 프랜차이즈 브랜드의 3%에 해당하는 대기업이, 전체매출의 47%를 차지하고 있다는 것.\n\n또 일부 업종에서는 전체매출의 95%이상을 대기업이 차지하는 경우가 많은것으로 나타났다.\n\n이밖에도 대기업 프랜차이즈 40%가 정보공개서를 부실하게 기록되었거나, 정보공개서 기입항목인 가맹점 연평균매출액 공개를 누락한것으로 나타났다.\n\n프랜차이즈 가이드 김준현 가맹거래사는 ""프랜차이즈 대기업 진출이 일부 서민업종을 제외한 도소매, 커피, 교육사업분야의 진출이 늘어나고 있다.""라며 ""대기업의 특성상 가맹점의 이익보다 본사이익을 추구하는 경우가 많아, 가맹점 개설을 희망시 이에대한 적극적인 검토가 필요하다.""고 강조했다.\n\n다음은 대기업 브랜드 내역이다.\n\n[편의점]\n△ (주)코리아세븐 (세븐일레븐/편의점)\n△ (주)지에스리테일 (지에스25(GS25)/편의점)\n△ (주)보광훼미리마트 (훼미리마트/편의점)\n△ (주)바이더웨이 (세븐일레븐/편의점)\n△ 한국미니스톱(주) (미니스톱/편의점)\n\n[카페/제과점]\n△ 비알코리아㈜ (던킨도너츠/카페·제과점)\n△ (주)파리크라상 (파리바게뜨/카페·제과점)\n△ 씨제이푸드빌(주) (뚜레쥬르/카페·제과점)\n△ (주)이랜드월드 (뺑드프랑/카페·제과점)\n△ (주)샤니 (따삐오/카페·제과점)\n△ 씨제이푸드빌㈜ (투썸플레이스/카페·제과점)\n△ (주)롯데리아 (엔젤리너스/카페·제과점)\n△ (주)이랜드월드 (더까페/카페·제과점)\n△ (주)파리크라상 (파스쿠찌/카페·제과점)\n△ 롯데칠성음료(주) (카페칸타타/카페·제과점)\n\n[디저트전문점]\n△ 비알코리아(주) (배스킨라빈스/디저트전문점)\n△ CJ푸드빌㈜ (콜드스톤/크리머리 디저트전문점)\n△ 롯데제과(주) (나뚜루/디저트전문점)\n△ (주)케이티에스글로벌 (요나인/디저트전문점)\n△ (주)이랜드월드 (뽀쪼/디저트전문점)\n△ (주)삼립식품 (빚은/디저트전문점)\n△ 대상㈜ (로즈버드 디저트카페/디저트전문점)\n\n[건강관련]\n△ 대상(주) (대상웰라이프녹즙/건강관련)\n△ 풀무원식품(주) (풀무원/건강관련)\n△ 현대산업개발 아이서비스(주) (아이케어서비스/건강관련)\n△ 케이지케미칼(주) (오르페/건강관련)\n△ (주)한국인삼공사 (정관장/건강관련)\n△ (주)동원에프앤비 (천지인/건강관련)\n\n[자동차관련]\n△ 에스케이네트웍스㈜ (오토스(Autous)/자동차관련)\n△ 에스케이네트웍스(주) (스피드메이트/자동차관련)\n△ 기아자동차(주) (오토큐(AUTO Q)/자동차관련)\n△ 현대자동차(주) (블루핸즈(BLUhands)/자동차관련)\n△ 한국타이어(주) (티스테이션/자동차관련)\n\n[패스트푸드]\n△ 한국피자헛(유) (피자헛/패스트푸드)\n△ 캘리포니아 피자 키친 (캘리포니아 피자 키친/패스트푸드)\n△ (주)이랜드월드 (피자몰/패스트푸드)\n△ 한국맥도날드(유) (맥도날드/패스트푸드)\n△ (주)롯데리아 (롯데리아/패스트푸드)\n\n[유아관련]\n△ (주)청담러닝 (에이프릴어학원/유아관련)\n△ (주)아발론교육 (랭콘잉글리쉬/유아관련)\n\n[뷰티]\n△ LG생활건강 (더페이스샵/뷰티)\n△ (주)금비 (온뜨레(ONTREE)/뷰티)\n△ (주)에이블씨엔씨 (미샤/뷰티)\n△ (주)아모레퍼시픽 (아리따움(ARITAUM)/뷰티)\n△ (주)코리아나화장품 (세레니끄/뷰티)\n△ (주)엘지생활건강 (비욘드/뷰티)\n\n[교육관련]\n△ (주)삼성출판사 (삼성영어/교육관련)\n△ (주)이이씨엘리트 (티엔차이 중국어/교육관련)\n△ (주)한솔교육 (한솔교육영어지사/교육관련)\n△ (주)한솔교육 (한솔교육국어수학지사/교육관련)\n△ (주)한솔교육 (한솔교육한글지사/교육관련)\n△ (주)한솔교육 (한솔교육플라톤 지사/교육관련)\n△ (주)대교 (지캠프클래스/교육관련)\n△ (주)타임교육 (뉴스터디교육/교육관련)\n△ (주)교원 (빨간펜 수학의 달인/교육관련)\n△ (주)한솔교육 (주니어랩스쿨/교육관련)\n△ (주)아발론교육 (아발론교육 어학원/교육관련)\n△ (주)천재교육 (지지이영어전문학원/교육관련)\n△ (주)웅진씽크빅 (웅진플러스어학원/교육관련)\n\n[도소매판매점]\n△ 삼성테스코(주) (홈플러스 익스프레스/도소매판매점)\n△ 롯데쇼핑(주) (롯데슈퍼/도소매판매점)\n△ (주)지에스리테일 (지에스수퍼마켓/도소매판매점)\n△ (주)대구백화점 (대백마트/도소매판매점)\n△ (주)농수산홈쇼핑 (엔에스마트/도소매판매점)\n△ (주)다이소아성산업 (다이소/도소매판매점)\n△ 주식회사 락앤락 (LOCK&LOCK PLUS/도소매판매점)\n△ (주)모나미 (모나미스테이션/도소매판매점)\n\n[치킨전문점]\n△ (주)농협목우촌 (또래오래/치킨전문점)\n△ 신송산업(주) (오꼬꼬치킨/치킨전문점)\n\n[음식점]\n△ (주)이랜드월드 (후원/음식점)\n△ (주)농심 (코코이찌방야/음식점)\n△ 동원산업(주) (동원참치/음식점)\n△ 사조씨에스(주) (사조회참치/음식점)\n△ (주)이랜드월드 (리미니/음식점)\n\n\n\n☞ 머니MnB 기사제보 및 보도자료, 제휴문의 ; 01087942276@mt.co.kr\n머니투데이 머니위크 MnB센터 _ 프랜차이즈 유통 창업 가맹 체인 B2C 사업의 길잡이']"
